?대쫫,?섏씠,?깅퀎,?대찓??媛?낆씪,援щℓ?잛닔,珥?援щℓ湲덉븸,
Christopher Marsh DDS,41,?⑥꽦,stephanie78@example.org,2021-10-09,50,2218669.88
Edward Haynes,48,?⑥꽦,david68@example.org,2021-12-26,34,3878229.05
Dylan Thompson,27,?ъ꽦,kevin72@example.net,2023-12-23,6,1274186.26
Nathan Khan,47,?ъ꽦,hallryan@example.net,2022-07-07,13,1920323.93
Nicholas Howard,51,?ъ꽦,robert66@example.org,2024-03-04,29,284314.44
Jennifer Quinn,32,?ъ꽦,angelaparker@example.com,2022-04-17,15,3897238.01
Jennifer Peterson,33,?ъ꽦,suttonjordan@example.com,2025-02-11,47,1471408.32
Juan Smith,18,?ъ꽦,robertmarshall@example.net,2024-08-02,43,4599085.9
Ryan Martinez,24,?ъ꽦,jessesimmons@example.com,2022-02-18,11,1731766.8
Sarah Jacobson,55,?⑥꽦,erika25@example.org,2024-03-10,24,4011745.93
Adam Walton,18,?⑥꽦,stephanie21@example.net,2023-01-31,22,2573817.38
Donald Patton,56,?⑥꽦,stephanie64@example.org,2020-06-25,18,1121757.91
Jonathan Fox,54,?⑥꽦,snyderjoseph@example.org,2024-12-02,3,1491999.26
Jonathan Parker,55,?ъ꽦,fergusonlaura@example.net,2023-10-10,11,240958.05
Stacy Kline,52,?ъ꽦,ruth37@example.net,2022-07-20,44,1329899.67
Alexandria Pruitt,24,?⑥꽦,christopher78@example.net,2021-05-12,9,1297232.85
Kathryn Wallace,65,?⑥꽦,thomasthornton@example.com,2021-11-07,41,2887592.7
Savannah Welch,65,?ъ꽦,cjohnson@example.com,2020-12-10,45,4082282.71
Alejandro Smith,29,?⑥꽦,cochrantoni@example.net,2023-02-11,15,1018596.86
Mary Stephens,47,?ъ꽦,acox@example.org,2020-07-15,30,929095.58
Rebecca Hunt,61,?ъ꽦,ymyers@example.org,2021-04-12,8,4283677.93
Brandi Garcia,57,?⑥꽦,srangel@example.com,2022-12-05,37,2289881.06
Tom Martinez,46,?ъ꽦,colemanheather@example.com,2024-02-29,23,2105510.05
Rachel Reed,32,?ъ꽦,hamiltonmichael@example.net,2024-02-18,40,1514988.27
Thomas Diaz,27,?ъ꽦,robertperez@example.net,2024-11-26,12,4681151.26
Bernard Santiago,37,?⑥꽦,christophercole@example.net,2023-04-01,26,3574611.45
Heidi Barrett,20,?⑥꽦,martinsteven@example.net,2024-01-19,38,1453028.75
Steven Blake,43,?ъ꽦,gsmith@example.com,2022-04-29,43,430771.22
Jeffrey Wise,31,?ъ꽦,gary80@example.net,2021-07-21,47,1395490.69
Albert Jones,40,?⑥꽦,gbass@example.com,2024-05-12,23,4640799.55
Michelle Collins,25,?ъ꽦,jimenezmichael@example.com,2024-09-09,50,869147.96
Christopher Brown,42,?⑥꽦,melissa83@example.net,2024-07-27,12,111897.29
Benjamin Snyder,63,?⑥꽦,jennifer84@example.com,2024-09-18,4,548433.82
John Lester,47,?⑥꽦,michelle04@example.com,2024-06-21,11,271670.36
Tina Buchanan,32,?⑥꽦,daniel64@example.net,2023-09-25,28,624138.71
Andrew Bennett,31,?⑥꽦,francisco25@example.org,2020-01-05,4,2516288.1
Brandon Blair,23,?ъ꽦,jacksonkim@example.com,2023-05-30,2,2231590.89
Haley Phillips MD,64,?ъ꽦,yoderdakota@example.net,2020-09-22,31,818195.67
Brenda Lawrence,29,?ъ꽦,lewisbrian@example.org,2023-07-04,19,4339592.26
Thomas White,54,?⑥꽦,madams@example.com,2021-07-25,27,3821263.13
Susan Bauer,31,?⑥꽦,christinaknight@example.com,2022-05-29,1,4456810.18
Amanda Allen,35,?ъ꽦,jessica75@example.com,2023-11-28,50,970144.64
Lori Miller,63,?ъ꽦,petercameron@example.net,2020-07-12,6,2294760.53
Brooke Johnson,36,?⑥꽦,william53@example.org,2023-07-16,34,2584207.55
David Williams,18,?ъ꽦,tylerpruitt@example.org,2020-12-26,11,138636.75
Zachary Roberts,39,?⑥꽦,sswanson@example.net,2020-08-29,2,3356853.66
Michael Moses,54,?ъ꽦,hopkinsthomas@example.com,2022-11-23,9,2239086.91
Danielle Peterson,37,?ъ꽦,wbarnes@example.net,2025-02-11,5,581185.09
Larry Wright,20,?ъ꽦,landerson@example.org,2023-11-23,12,4078534.19
Denise Rivera,64,?⑥꽦,johnsonangelica@example.com,2020-10-16,32,2558792.49
Timothy Richardson,42,?ъ꽦,vazquezaaron@example.com,2023-07-27,3,3574315.59
Kristen Rivers,61,?ъ꽦,ronaldfarmer@example.org,2020-08-01,37,62530.6
Lindsay Horton,30,?ъ꽦,aperry@example.com,2022-05-11,50,845485.44
Paula Daniels,33,?⑥꽦,griffinpatricia@example.com,2024-02-13,5,3490135.9
Sara Willis,36,?⑥꽦,cameronrodriguez@example.com,2024-12-08,32,2606551.73
Autumn Sullivan,34,?⑥꽦,samuel33@example.com,2024-05-27,50,4676410.25
Julia Watson,52,?ъ꽦,stevenskevin@example.net,2020-03-05,3,2409410.89
Tonya Downs,45,?⑥꽦,hurstnathaniel@example.com,2021-03-28,8,4599132.16
Matthew Page,34,?ъ꽦,obrienjudy@example.net,2022-11-22,30,3188687.13
Kevin Davis,36,?⑥꽦,ryanblevins@example.com,2024-05-07,35,4942582.79
Lisa Foster,56,?⑥꽦,bpetersen@example.org,2022-04-23,43,218696.17
Robert Chavez,45,?ъ꽦,andrew61@example.com,2023-12-14,19,2012682.81
Christian Franklin,45,?⑥꽦,nichole77@example.net,2020-10-19,49,3000571.65
Erika Johnson,41,?⑥꽦,jorgedavis@example.org,2021-07-06,46,439082.87
Cynthia Kramer,42,?⑥꽦,wlambert@example.org,2022-08-08,30,4985525.72
Amy Jones,44,?⑥꽦,whitneyclark@example.org,2025-01-09,10,3182762.17
Jennifer Lowery,60,?ъ꽦,barnesalexa@example.org,2022-11-22,39,584923.74
Robert Nixon,56,?⑥꽦,larsenpatricia@example.com,2023-12-04,20,2043782.81
John Lee,53,?ъ꽦,xdavies@example.com,2021-09-08,47,1974478.82
David Larson,52,?ъ꽦,tanyachase@example.org,2021-08-06,16,2586338.69
Rickey Johnson,39,?ъ꽦,ariaselizabeth@example.org,2022-12-01,11,3293463.74
Jose Taylor,33,?ъ꽦,vkirk@example.com,2021-03-12,10,1173852.14
Alisha Stephens,47,?ъ꽦,jriddle@example.net,2023-03-30,27,3556881.41
Amanda Myers,31,?ъ꽦,terri00@example.com,2023-09-09,20,3457444.79
Jessica Harris,50,?ъ꽦,cervantesandrew@example.com,2023-04-13,41,4456201.41
Charles Nelson,48,?⑥꽦,sharonortiz@example.org,2024-04-02,31,3104664.26
Karen Morrow,50,?ъ꽦,patrick93@example.org,2024-07-11,44,1176350.9
Christopher Barnes,18,?⑥꽦,joshuajackson@example.net,2020-02-03,44,544295.51
Brandon Mason,37,?ъ꽦,batesjeremy@example.com,2022-09-28,1,248982.11
Manuel Brooks,35,?⑥꽦,mmoss@example.net,2023-04-03,2,1642040.25
Jennifer Martinez,64,?⑥꽦,johnsonjacob@example.net,2020-02-24,14,2219906.06
Andrew Wright,24,?⑥꽦,dorothy82@example.com,2025-03-19,23,2471032.93
Shawna Griffin,44,?ъ꽦,arobinson@example.com,2023-06-27,2,869642.14
Patricia Norton,39,?ъ꽦,sierraduran@example.com,2021-12-22,29,3476040.85
Hailey Huber,31,?⑥꽦,connieleblanc@example.org,2020-05-15,2,2158887.35
Michael Carpenter,34,?⑥꽦,tylerhenry@example.net,2022-07-21,21,636008.13
Spencer Roberts,27,?⑥꽦,usanchez@example.com,2024-09-20,9,4021709.66
Heather Brennan,65,?ъ꽦,bsmith@example.net,2024-05-16,39,3324923.57
Angel Blake,56,?⑥꽦,brownbrett@example.org,2022-11-03,44,597164.8
Daniel Lee,25,?ъ꽦,utaylor@example.net,2024-12-19,17,3095472.63
Miranda Christensen,47,?ъ꽦,ogreen@example.org,2022-07-06,33,2828259.53
Jason Rice,20,?ъ꽦,westsharon@example.com,2024-01-27,6,1962649.07
Adam Johnston,46,?⑥꽦,tracynolan@example.net,2024-12-13,30,420911.65
Michael Howard,37,?⑥꽦,stricklandmelissa@example.net,2022-08-10,9,4819142.37
Brendan Moore,37,?⑥꽦,otrevino@example.com,2024-06-04,15,4544578.69
Christina Reyes,36,?⑥꽦,davidbean@example.net,2022-03-15,33,309724.45
Diane Gutierrez,53,?ъ꽦,jessica99@example.net,2022-09-26,41,4081189.27
Kristine Liu,52,?ъ꽦,ptorres@example.org,2022-05-07,20,2531420.91
Paige Richardson,65,?⑥꽦,morgan59@example.net,2023-09-29,45,300142.81
Mary Fisher,63,?⑥꽦,glenn20@example.org,2023-06-11,4,2782661.17
Katie Powell,59,?ъ꽦,bryanrodriguez@example.com,2021-02-26,50,1889583.89
April Flores,29,?ъ꽦,zcarpenter@example.org,2022-10-09,7,2742585.23
Monica Hoffman,61,?ъ꽦,muellerkenneth@example.org,2023-01-01,31,974841.94
Joseph Cunningham,22,?ъ꽦,martineznathan@example.com,2020-11-16,17,1945123.11
Kelsey Boyd,40,?⑥꽦,randy44@example.org,2022-10-14,29,3737548.73
Larry Green,56,?ъ꽦,castronathan@example.net,2022-08-14,5,885562.26
Tami Mills,21,?ъ꽦,robertsonashley@example.org,2023-09-11,19,3727062.8
Carl Davis,38,?⑥꽦,gregoryreyes@example.org,2021-10-28,50,1365381.73
Jason Jackson,47,?ъ꽦,brandirice@example.org,2021-10-23,47,2727988.92
Eric Shaw,59,?ъ꽦,awallace@example.org,2021-02-22,27,584414.67
Gabrielle Nunez,55,?⑥꽦,tim48@example.net,2024-05-06,45,4434902.92
Adam Mccoy,60,?⑥꽦,brandylewis@example.org,2020-03-01,32,529829
Theresa Hernandez,32,?ъ꽦,brownchristopher@example.org,2020-10-02,21,2564654.63
Juan Brown,25,?ъ꽦,loricooley@example.org,2024-10-02,12,3351034.95
Sarah Horton,50,?ъ꽦,cassandragordon@example.org,2021-12-29,43,3729550.1
Renee Wilson,59,?⑥꽦,matthewmejia@example.org,2022-04-19,34,3706445.52
Glenn Johnson,53,?⑥꽦,tiffany03@example.com,2021-12-06,13,2494183.3
Angela Jackson,47,?⑥꽦,jordanrivas@example.net,2021-10-29,43,609705.56
Danielle Barry,47,?⑥꽦,washingtonmelissa@example.net,2022-03-17,33,2109883.78
Mark Sloan,49,?ъ꽦,johnsongeorge@example.org,2021-10-12,2,2927503.05
Keith Wright MD,30,?ъ꽦,rodriguezwendy@example.org,2020-01-03,31,1379049.91
Emily Kelly,63,?⑥꽦,ejones@example.net,2023-11-27,16,4807756.44
Bradley Wyatt,47,?ъ꽦,nelsonjennifer@example.com,2022-10-03,38,2201870.23
Hannah Chandler,24,?ъ꽦,wardthomas@example.org,2020-10-29,22,2846071.5
Amanda Baker,62,?ъ꽦,treed@example.com,2021-05-14,36,2123467.73
Robert Mcintyre,38,?ъ꽦,erica17@example.net,2023-02-04,43,2821461.51
James Dixon,57,?ъ꽦,johnsoncindy@example.com,2023-01-31,43,271336.64
Vickie Banks,40,?⑥꽦,xjames@example.net,2022-03-22,8,2764407.7
Shelly Smith,40,?⑥꽦,melinda10@example.org,2022-11-10,35,3310557.29
Timothy Benson,21,?⑥꽦,martinezjessica@example.com,2023-01-23,21,265561.74
Brandon Davidson,41,?ъ꽦,yhoward@example.com,2023-10-12,24,3567236.51
Kimberly Wu,48,?ъ꽦,heiditorres@example.com,2024-07-10,14,3390070.95
Dale Davidson,25,?ъ꽦,melanieramos@example.net,2022-04-18,42,3164369.37
Connie Harris,57,?ъ꽦,marcusmoss@example.org,2021-07-22,1,1096273.12
Michele Palmer,23,?ъ꽦,paulgoodwin@example.org,2023-02-26,48,1416374.28
Dustin Hart,46,?ъ꽦,vcoffey@example.net,2024-03-20,37,3898188.9
Vanessa Jackson,34,?⑥꽦,susan77@example.org,2024-04-10,45,4279957.39
Jeffrey Hartman,45,?⑥꽦,zgarcia@example.com,2021-05-04,42,1545000.2
James Edwards,53,?⑥꽦,charlesdana@example.org,2021-07-11,23,1857082.2
Kimberly Gray,19,?ъ꽦,christinajones@example.org,2022-11-27,4,1332280.92
Dawn Warren,65,?ъ꽦,castroamanda@example.net,2021-06-02,25,4422260.95
Terry Thompson,51,?ъ꽦,hodgealexander@example.org,2022-02-27,30,3134371.57
Ian Ingram,26,?⑥꽦,thomasseth@example.com,2021-04-28,5,2320603.65
Amber Brewer,53,?⑥꽦,barbaramcmahon@example.net,2020-12-26,18,3811329.1
James Williams,22,?ъ꽦,munozbilly@example.com,2024-02-02,21,3168076.6
Sean Little,26,?ъ꽦,hickmanrichard@example.net,2021-12-10,36,1774930.61
Stephanie Johnson,51,?ъ꽦,samueldawson@example.com,2022-04-22,14,1855666.25
Tracy Ellis,62,?ъ꽦,sparkskirk@example.net,2024-07-10,6,3323960.81
Ricky Kim,38,?⑥꽦,rodrigueztara@example.com,2021-05-11,50,3370718.24
Jennifer Martinez,27,?ъ꽦,gregory46@example.net,2021-06-07,3,3934879.1
Carla Juarez,59,?⑥꽦,xsmith@example.net,2023-10-06,44,4679628.51
Dawn Cabrera,37,?ъ꽦,lgraham@example.com,2020-03-29,18,4691131.91
David Williams,51,?ъ꽦,ecraig@example.net,2021-10-04,16,4390994.59
Cynthia Davenport,65,?⑥꽦,jonestheresa@example.net,2024-07-05,46,311971.79
Emily Cooper,39,?⑥꽦,zsaunders@example.com,2025-02-26,50,4008502.54
Dr. Joshua Wilson MD,47,?⑥꽦,vjones@example.org,2023-06-11,44,682555.42
Brian Rosales,61,?ъ꽦,delacruzfrances@example.org,2020-03-10,20,3593349.97
Wendy Reyes,26,?⑥꽦,sherry62@example.com,2022-11-05,26,2556430.42
Lori Snyder,38,?⑥꽦,arellanobrandon@example.net,2020-11-04,43,2848505.69
Kathleen Craig,53,?ъ꽦,kristen32@example.net,2020-04-01,14,1352327.67
Sara Smith,31,?⑥꽦,steven16@example.net,2020-09-25,44,4193699.97
William Hanson,36,?ъ꽦,juanmendez@example.net,2021-04-17,9,188275.12
Tara Roberts,21,?ъ꽦,harveykeith@example.net,2023-04-15,11,4080626.53
Jeff Avery,40,?⑥꽦,teresa54@example.net,2021-07-11,42,886271.76
Brandon Wood,48,?⑥꽦,alison10@example.net,2023-07-14,9,1700009.58
Adrian Franco,41,?ъ꽦,marktanner@example.com,2020-01-21,20,1458166.38
Stacy Long,40,?ъ꽦,ujohnson@example.net,2021-05-24,41,3696012.54
Tracey Wright,26,?ъ꽦,bdoyle@example.org,2021-08-03,49,2148449.5
Chad Curtis,63,?⑥꽦,csanders@example.org,2024-12-30,46,3426470.89
Jessica Atkins,40,?ъ꽦,adrianjones@example.org,2020-12-22,23,153415.57
Angel Wilson,55,?ъ꽦,tklein@example.com,2021-08-14,2,1801277.95
Curtis Nelson MD,27,?ъ꽦,paula60@example.net,2020-01-02,1,2476662.42
Hector Reyes,20,?ъ꽦,websterlisa@example.org,2020-05-08,37,3899745.51
Michelle Franco,20,?ъ꽦,amberlopez@example.com,2020-07-23,35,1112704.45
Jessica Henderson,30,?ъ꽦,zjohnson@example.net,2025-02-09,15,2496641.13
Phillip Phillips,40,?⑥꽦,brogers@example.net,2023-04-04,40,548034.86
Jackie Peterson,60,?ъ꽦,lindsayhoward@example.org,2020-11-16,15,2866204.45
Emily Duffy,36,?ъ꽦,juliajohnson@example.com,2021-05-08,39,4142074.55
Donald Rodriguez,60,?ъ꽦,matthew55@example.org,2023-01-01,36,3012398.21
Linda Cisneros DVM,20,?ъ꽦,ocarter@example.com,2025-01-11,15,1197904.92
William Haney,37,?ъ꽦,vargassamuel@example.org,2024-04-06,37,2092206.39
Brittany Mcdaniel,31,?⑥꽦,michaelcherry@example.com,2021-02-08,6,4131258.87
David Lewis,30,?⑥꽦,markwilliams@example.com,2020-06-28,20,4352967.52
David Pineda,40,?ъ꽦,mariahampton@example.com,2020-01-14,41,71190.84
Stephen Odom,47,?⑥꽦,coreyrocha@example.net,2021-09-26,23,3664932.35
Rebecca Carlson,32,?ъ꽦,hammondsarah@example.net,2023-06-02,9,4775799.51
Crystal Hughes,21,?⑥꽦,camachonicole@example.org,2022-07-06,42,562078.18
Jesse Shepard,31,?⑥꽦,lbeck@example.org,2021-01-01,19,4907627.17
Edward Kelly,41,?ъ꽦,ublair@example.com,2024-11-30,17,1849057.39
Mr. John Phillips,36,?ъ꽦,jack59@example.net,2023-11-13,16,1549180.52
Edward Wells,19,?ъ꽦,ellisaustin@example.com,2022-07-25,24,4087621.39
Makayla Lopez,61,?⑥꽦,cheryl60@example.net,2020-04-15,15,738168.69
Virginia Wood,47,?ъ꽦,helen25@example.com,2020-04-25,15,281655.15
Kimberly Romero,44,?ъ꽦,cwilson@example.com,2024-11-03,42,1818552.45
Stacy Palmer,55,?ъ꽦,jeremycosta@example.org,2020-02-17,9,421448.96
Olivia Shaw,61,?ъ꽦,atucker@example.com,2023-01-04,31,2775315.4
Roberto Bauer,61,?⑥꽦,rickmason@example.com,2022-09-09,2,3097264.54
Carl Perry,37,?ъ꽦,rhonda24@example.org,2024-05-29,6,3978191.52
Carl Baker Jr.,50,?ъ꽦,courtneylopez@example.org,2023-12-07,17,1705763.54
Nicole Morton,34,?ъ꽦,amcdonald@example.com,2020-10-17,10,1863954.43
Cindy Shepard,48,?⑥꽦,joshuaespinoza@example.net,2024-07-27,45,4113782.49
Anthony Snyder,23,?ъ꽦,osmith@example.net,2024-05-19,24,3147546.52
Christine Dixon,42,?⑥꽦,sandra49@example.net,2021-10-12,23,3625353.55
Steve Chavez,58,?⑥꽦,christinaware@example.org,2023-04-06,26,1608458.09
Michael Smith,65,?⑥꽦,bettydaniel@example.org,2024-12-07,38,2145368.38
Tammy Cox,33,?⑥꽦,jessica73@example.org,2024-10-21,1,3355942.22
Brett Hodge,63,?⑥꽦,melissahall@example.net,2024-11-28,30,3465933.34
Lynn Wright,65,?ъ꽦,gsmith@example.net,2020-04-12,47,3125250.16
Lynn Duran,61,?ъ꽦,danielreese@example.com,2024-01-05,37,219879.15
Larry Jennings,56,?⑥꽦,comptonrebecca@example.com,2021-07-17,6,2638563.91
Helen Donaldson,45,?⑥꽦,ahamilton@example.com,2024-01-15,37,2046254.42
Brett Scott,35,?⑥꽦,danielsrebecca@example.com,2021-06-20,25,3161837.89
Wanda Austin,47,?⑥꽦,qwatson@example.com,2022-11-06,45,3773805.34
Jennifer Rivera,36,?ъ꽦,derrickburnett@example.com,2022-12-06,46,4644247.72
Michelle Hill,42,?⑥꽦,sharonwilliams@example.com,2022-03-06,25,3898984.6
Louis Carter,49,?ъ꽦,rodriguezjeffery@example.com,2022-01-08,26,3033459.2
Travis Williams,29,?ъ꽦,twatts@example.org,2020-07-12,47,429845.91
Jessica Wilson,47,?⑥꽦,zhorn@example.com,2022-04-26,3,3288778.54
Tommy Jackson,24,?ъ꽦,vwilliams@example.net,2022-06-25,38,2771074.86
Alicia Mills,61,?ъ꽦,trobinson@example.com,2024-04-12,24,4432954.59
Samuel Wilkinson,57,?⑥꽦,bdavis@example.net,2022-08-02,9,625351.78
James Simmons,19,?ъ꽦,yramirez@example.net,2024-09-19,48,4264328.68
Teresa Mcdonald,37,?⑥꽦,holtlisa@example.net,2021-03-07,31,4891321.98
Katherine Murphy,46,?⑥꽦,ojuarez@example.net,2024-06-26,8,2687510.2
Tyler Hoover,50,?ъ꽦,monica93@example.org,2020-01-24,39,1159144.11
Joshua Garcia,23,?⑥꽦,christophermyers@example.net,2022-07-31,3,4647581.49
Patricia Hernandez,47,?ъ꽦,cheryl18@example.net,2022-01-26,45,3100524.11
Elizabeth Mcknight,41,?⑥꽦,shermancynthia@example.com,2020-06-13,34,2987409.97
Marie Bradley,34,?ъ꽦,dawntran@example.org,2020-03-28,29,4358049.14
Emily Barnes,24,?ъ꽦,masonwilson@example.com,2021-07-22,44,3005765.58
Gina Newton,25,?⑥꽦,terrycarla@example.com,2024-11-11,21,3539706.92
Crystal Black,46,?⑥꽦,chorn@example.com,2021-08-03,32,3852498.96
Donald Stephens,57,?ъ꽦,htaylor@example.com,2023-05-28,34,3100930.79
Joseph Knight,26,?ъ꽦,kenneth75@example.org,2023-04-06,6,3953747.43
Ryan Stark,38,?ъ꽦,kimberlygarrison@example.net,2020-03-21,10,988696.16
Daniel Mccarthy,30,?ъ꽦,martinezjames@example.org,2023-05-15,17,4617953.05
Nicholas Williams,44,?ъ꽦,norriskathleen@example.com,2024-02-05,14,890091.6
Michael Smith,19,?ъ꽦,waltersdave@example.org,2021-07-18,11,3881862.96
Angel Lucas,23,?⑥꽦,hedwards@example.net,2023-07-13,6,748081
Benjamin Campbell,65,?⑥꽦,jamielin@example.com,2024-08-06,3,3821942.51
Brittany Bass,50,?ъ꽦,tricia00@example.net,2023-02-22,12,3573473.84
David Benson,62,?ъ꽦,hrichardson@example.com,2022-07-19,29,1207718.69
Sarah Williams,45,?⑥꽦,jamessmith@example.org,2020-05-07,35,3290947.32
Carl Conley,46,?⑥꽦,antonio95@example.com,2020-06-13,4,404440.92
Dakota Archer,24,?ъ꽦,wberry@example.com,2024-11-10,49,2780016.94
Andrew Cooper,29,?⑥꽦,nriley@example.com,2022-02-04,16,868713.55
Joann Delgado,50,?⑥꽦,omcdowell@example.com,2022-04-28,36,4166320.57
Isaiah Pierce,26,?⑥꽦,christopher13@example.org,2025-03-16,21,2448383.77
Linda Jones,28,?⑥꽦,ashleypittman@example.org,2020-04-08,43,3477381.12
Brooke Bruce,52,?⑥꽦,ydixon@example.com,2021-06-07,26,1942695.61
Jessica Robinson,45,?ъ꽦,jennifer31@example.com,2023-10-12,43,2173839.49
Jodi Johnson,65,?ъ꽦,jacqueline30@example.com,2020-06-23,21,3604145.14
Katherine Woodard,30,?ъ꽦,bailey69@example.org,2023-04-12,44,3634278.43
Kristy Castillo,41,?⑥꽦,jackgoodwin@example.net,2022-11-08,43,1646151.42
Erin Lewis,37,?ъ꽦,nathanieljohnson@example.com,2021-02-18,29,3801226.59
John Jimenez,60,?⑥꽦,thompsonalicia@example.com,2022-06-14,2,2885951.28
Lawrence Mendoza,44,?ъ꽦,joannemathis@example.org,2020-03-19,25,2392360.98
Karen Nicholson,58,?ъ꽦,andrea95@example.net,2024-04-25,42,1396457.03
Heather Peterson,62,?⑥꽦,clarkbrenda@example.com,2021-11-23,17,1108503.48
Lindsay Cook,40,?⑥꽦,luis22@example.com,2020-09-29,49,2579573.23
Randall Brown,37,?⑥꽦,veronica85@example.com,2020-06-20,29,4714075.36
Michael Taylor,44,?ъ꽦,felicia32@example.com,2021-08-07,35,2683678.17
Robin Reyes,27,?⑥꽦,nicholas88@example.net,2023-04-26,6,1923237.32
Donna Mahoney DVM,48,?⑥꽦,amandascott@example.net,2022-03-02,9,1776379.27
James Harris,41,?⑥꽦,tdavis@example.org,2020-11-18,42,3060972.42
Scott Byrd,57,?ъ꽦,qbates@example.net,2025-02-20,19,2494511.7
Laura Haynes,41,?⑥꽦,imadden@example.org,2020-06-29,20,4948513.42
Jenny Ramirez,39,?ъ꽦,patrick16@example.org,2024-03-07,17,1295227.15
Heather Branch,43,?ъ꽦,myersdavid@example.org,2022-06-26,34,3747913.51
Pamela Rodgers,56,?ъ꽦,daniellethompson@example.com,2023-05-02,45,1468806.14
Aaron Bell,65,?⑥꽦,richard28@example.com,2022-01-08,23,4274558.24
Matthew Johns,34,?ъ꽦,sextoneric@example.com,2020-08-15,23,4391189.14
Linda Patterson,28,?ъ꽦,gsnow@example.org,2022-03-09,38,1066612.06
Kimberly Maxwell,58,?⑥꽦,shannon96@example.org,2023-08-24,2,3776572.79
Amy Hanson,60,?ъ꽦,allison48@example.net,2024-05-23,13,2431813.66
Jeffrey Garcia,58,?ъ꽦,roberto11@example.org,2023-10-16,22,4496109.34
Alejandro Watts,28,?⑥꽦,deckercourtney@example.net,2021-06-23,21,3368991.08
Miss Renee Herman,39,?ъ꽦,kwoodward@example.net,2022-04-21,33,209046.14
Dr. Kimberly Smith MD,54,?⑥꽦,fingram@example.com,2023-09-22,33,3967199.23
Dawn Barber,20,?⑥꽦,johndiaz@example.net,2022-01-22,16,2892626.18
Kevin Hawkins,65,?⑥꽦,caroline14@example.com,2024-09-04,42,2820340.57
Bradley Burgess,57,?ъ꽦,devin14@example.net,2022-01-28,34,4052650.23
Katherine Dean,18,?⑥꽦,dodsoncarrie@example.org,2022-07-24,35,4014317.3
Richard Robertson,52,?⑥꽦,moorewillie@example.net,2024-02-03,45,4956443.33
Christopher Taylor,56,?⑥꽦,wturner@example.net,2025-03-12,50,3719945.8
Anthony Sims,45,?⑥꽦,matthewsjose@example.org,2023-12-19,15,2207266.49
Michael Holmes,31,?⑥꽦,mcneilcaitlyn@example.com,2020-09-17,40,634137.96
Tracy Peterson,31,?⑥꽦,hollymiller@example.org,2023-05-22,19,3377306.62
Kristina Fleming,48,?⑥꽦,brownjon@example.net,2022-02-01,22,4681244.44
Victoria Lawson,35,?ъ꽦,ruizbrian@example.net,2020-07-21,10,1569094.71
William Carlson,32,?ъ꽦,wellsjack@example.org,2024-09-03,23,4733203.82
Karen Torres,56,?ъ꽦,annasimpson@example.org,2023-04-29,41,1668310.24
Jeff Ford,54,?ъ꽦,hcox@example.org,2021-02-04,8,2406615.52
Donald Chang,49,?⑥꽦,amiller@example.org,2024-02-07,25,1656859.44
Michael Weaver,22,?⑥꽦,vegamelissa@example.org,2022-07-26,33,1908209.7
Andrew Cook,64,?ъ꽦,danielle51@example.net,2022-04-23,42,2917774.86
Thomas David,63,?ъ꽦,michelleoneill@example.org,2021-04-16,41,605945.6
Erin Chapman,30,?ъ꽦,veronicarodriguez@example.org,2020-11-26,32,4186226.17
Vanessa Campbell,56,?ъ꽦,devin14@example.com,2023-05-13,4,4797640.73
Amanda Jensen,39,?⑥꽦,huynhmonique@example.com,2021-12-20,44,426283.72
Laurie Allen,62,?ъ꽦,perezjames@example.org,2022-05-21,43,3192275.19
Evan Carpenter,36,?ъ꽦,tiffany51@example.org,2021-09-07,39,1318714.79
Pamela White,21,?ъ꽦,deborahharrison@example.com,2023-09-02,10,3751691.51
Amanda Chan,49,?ъ꽦,perrybarbara@example.org,2021-09-18,4,3614041.52
Laura Riley,41,?ъ꽦,cooktiffany@example.net,2021-04-11,45,4354439.53
Cynthia Gomez,62,?⑥꽦,blakekenneth@example.com,2022-12-12,49,4442805.15
Margaret Mcdowell,38,?ъ꽦,abeard@example.org,2020-04-10,9,4114012.76
Jeffery Morgan DDS,65,?ъ꽦,estevens@example.org,2022-06-12,23,4667720.18
Jeffrey Wade,59,?⑥꽦,davidcampos@example.com,2021-02-20,5,2327903.14
Ellen Holmes,45,?ъ꽦,beth42@example.org,2024-11-27,7,3610470.73
Elizabeth Lee,31,?ъ꽦,kathrynray@example.org,2024-01-26,43,1534970.77
Eric Lynch,34,?ъ꽦,christopherramirez@example.org,2024-11-06,39,141865.4
Kathleen Ingram,47,?⑥꽦,victoriahicks@example.org,2021-10-29,32,910103.28
Randy Clements,61,?⑥꽦,loriwilson@example.org,2023-12-05,21,1466546.96
Sherry Rodriguez,57,?ъ꽦,erik53@example.com,2020-07-30,16,1373968.95
Luis Mendez,36,?ъ꽦,sandra28@example.com,2021-11-06,40,467752.55
Lori Wells,44,?⑥꽦,christinetaylor@example.net,2020-08-06,12,675729.08
Vanessa Sawyer,46,?ъ꽦,robert38@example.com,2024-11-03,26,272665.57
Timothy Griffin,24,?ъ꽦,mccormickmary@example.com,2022-10-07,38,3205570.49
Tiffany Gilbert DDS,65,?⑥꽦,williamlambert@example.net,2021-11-07,36,4788809.34
Courtney Watkins,45,?⑥꽦,kayla54@example.com,2023-11-30,4,124910.66
Kathy Ross,39,?⑥꽦,ediaz@example.net,2022-04-02,32,2864061.59
Carrie Mccarthy,62,?⑥꽦,mary34@example.org,2020-02-11,23,1131845.5
Emily Maldonado,40,?ъ꽦,jasonpeterson@example.net,2022-09-10,42,2047250.48
Gabriel Thompson,54,?ъ꽦,curtiskevin@example.org,2024-10-23,24,4990284.98
Elizabeth Hernandez,43,?⑥꽦,zrobinson@example.net,2021-05-17,1,3026175.68
Carlos Alvarez,54,?ъ꽦,ebowers@example.net,2025-03-01,26,4782180.25
Margaret Myers,27,?⑥꽦,mlee@example.net,2023-08-21,31,1294576.13
Zachary Lewis,37,?⑥꽦,danahernandez@example.com,2024-06-07,50,3468273.64
Benjamin Hernandez,50,?ъ꽦,andrew91@example.org,2024-10-15,37,2067155.83
Sergio Harris,46,?⑥꽦,nicolas44@example.com,2023-12-18,47,2361512.98
Deborah Downs,32,?ъ꽦,warenicholas@example.net,2024-08-31,47,4429152.98
Warren Rose,37,?⑥꽦,nancystephens@example.com,2024-10-27,22,2225869.45
Janet Case,52,?⑥꽦,marcuscampbell@example.org,2023-04-28,10,2963898.59
Brian Lewis,24,?⑥꽦,prattemily@example.net,2023-09-04,23,4095889.12
Melinda Anderson,22,?⑥꽦,megan40@example.net,2024-06-03,30,2863556.7
Rebecca Garcia,48,?ъ꽦,shannonreed@example.org,2020-09-10,20,3568877.07
Jennifer Randall MD,39,?ъ꽦,uspears@example.net,2023-08-22,37,3216554.69
Jennifer Garcia,42,?⑥꽦,vfields@example.com,2024-12-13,42,1180883.87
Christian Ochoa,35,?⑥꽦,probinson@example.org,2024-07-09,21,1498499.33
Joseph Barton,53,?⑥꽦,ucampbell@example.com,2023-07-24,10,4936720.06
Jennifer Peters,45,?⑥꽦,schneidersusan@example.org,2020-08-04,21,2227284.21
Hunter Aguilar,34,?ъ꽦,allisongilbert@example.com,2023-03-29,2,891174.51
Chelsea Rojas,23,?ъ꽦,aprilmadden@example.org,2023-01-15,36,4629205.09
Jessica White,43,?ъ꽦,laurenmclaughlin@example.com,2024-02-14,14,2938558.02
Amanda Love,45,?⑥꽦,jonesnathaniel@example.com,2023-03-05,29,1972854.63
Caleb Bates,24,?⑥꽦,suttonmark@example.org,2021-10-22,26,2311899.17
Jacqueline Ellison,65,?ъ꽦,dianasingh@example.net,2023-11-13,5,2041612.47
Stephen Evans,58,?⑥꽦,jeffrey63@example.com,2023-09-20,39,3094675.11
Bruce Robinson,51,?ъ꽦,lisahorn@example.org,2020-06-25,43,3741986.86
Rachel Miller,62,?ъ꽦,wmason@example.net,2022-09-08,12,1003228.33
Loretta Ochoa,21,?ъ꽦,desiree29@example.com,2023-12-25,40,1422874.79
Amber Miller,28,?ъ꽦,jennifer44@example.org,2025-03-06,44,3024108.19
Sean Gutierrez,31,?ъ꽦,melissareid@example.com,2022-05-21,25,1639666.38
Heather Thompson,65,?ъ꽦,mcdonaldroy@example.org,2022-03-31,9,757236.21
Robin Boyer,36,?ъ꽦,davidjordan@example.org,2020-12-24,21,172874.22
Barbara Collins,38,?ъ꽦,haleyking@example.org,2024-01-23,12,2921249.12
Joshua Harper,51,?⑥꽦,markrobinson@example.net,2021-10-19,26,3280692.67
Bradley Rodriguez,48,?⑥꽦,jennifer28@example.com,2022-11-17,32,2655695.59
Mark Henson,55,?⑥꽦,marywhite@example.net,2021-11-19,11,3102765.13
Sabrina Williams,33,?⑥꽦,billy70@example.net,2023-11-21,4,919641.59
Christina West,54,?⑥꽦,gcampos@example.com,2024-08-01,19,3390681.32
Joshua Johnson,58,?⑥꽦,daniel71@example.org,2023-10-24,28,1496120.89
Joe Miller,42,?⑥꽦,michael17@example.org,2020-09-01,25,4355802.65
Ashley Gonzalez,52,?ъ꽦,valerie74@example.net,2020-04-24,15,3376327.13
Rebecca Lucas,49,?⑥꽦,acollins@example.org,2022-05-24,6,4628843.16
Elizabeth Harris,19,?⑥꽦,john47@example.com,2024-08-30,6,1221976.83
William Brown,22,?⑥꽦,hgoodwin@example.com,2022-03-03,39,4334788.79
Jennifer Salazar,60,?⑥꽦,lisashelton@example.org,2020-12-16,45,2901480.74
Michael Johnson,29,?⑥꽦,sanchezamy@example.com,2020-02-23,50,3074674.94
Denise Robinson,61,?⑥꽦,kathleenanderson@example.net,2022-02-17,10,3854568.4
Andrew Jones,52,?⑥꽦,usmith@example.net,2022-05-24,27,3162519.09
Kevin Horton,26,?⑥꽦,vjoseph@example.com,2020-08-30,43,2028023.9
Chelsea Smith,65,?⑥꽦,madisonruiz@example.net,2023-12-25,25,2780668.16
Renee Odom,64,?ъ꽦,nicolethornton@example.org,2021-04-10,26,3074969.29
Susan Kline,52,?ъ꽦,havila@example.org,2024-01-12,10,3569314.45
Allison Lane,56,?⑥꽦,ningram@example.com,2022-11-28,48,2310831.4
Anne Sullivan,36,?⑥꽦,smithanthony@example.org,2024-01-28,44,1579854.52
Jorge Young,32,?ъ꽦,jeffersoncrystal@example.net,2024-03-15,23,2922847.83
Trevor Webster,48,?ъ꽦,jennifer36@example.com,2024-02-04,35,2829002.4
Christina Charles,61,?⑥꽦,teresaochoa@example.net,2023-09-05,10,4788985.01
Danny Miller,58,?ъ꽦,rodriguezcharles@example.com,2025-01-14,45,4876666.71
Scott Morrison,31,?ъ꽦,qconner@example.org,2022-08-03,37,3659346.34
Tony Carroll,26,?⑥꽦,brettlowe@example.com,2022-06-24,13,1870697.68
Jacob Colon,18,?ъ꽦,carol80@example.net,2021-08-15,47,4495668.63
Jeremy Wilson,36,?ъ꽦,schneiderleah@example.net,2025-01-08,18,1871598.26
Tina Sanchez,62,?ъ꽦,zyoung@example.org,2023-05-16,2,3756285.31
Clarence Freeman,30,?ъ꽦,ericbyrd@example.net,2020-02-27,35,2726154.58
Malik Pruitt,28,?⑥꽦,courtney56@example.com,2024-05-16,22,372156.35
Brandon Andrews,42,?ъ꽦,xsmith@example.com,2024-10-04,44,3608734.51
Mary Weiss,59,?ъ꽦,rodriguezjim@example.org,2022-01-03,27,4251696.7
Carol Lloyd,33,?ъ꽦,wwolfe@example.net,2020-09-16,3,2687547.53
Tammy Simon,30,?⑥꽦,uburke@example.net,2024-12-19,5,4657255.42
John Strong,33,?ъ꽦,cfowler@example.com,2022-05-24,25,4635611.96
Karen Fletcher,40,?⑥꽦,charlesatkins@example.org,2020-02-17,27,1236637.13
Denise Smith,61,?ъ꽦,armstrongkelly@example.org,2021-05-27,3,1895299.59
Cassandra Parsons,35,?ъ꽦,nancy51@example.com,2020-07-26,36,1913218.1
Carl Foster,25,?⑥꽦,thompsonthomas@example.com,2020-01-06,2,3328897.92
Kaitlin Gonzalez,53,?⑥꽦,efischer@example.org,2024-09-17,36,1567854.07
Brian Phillips,52,?ъ꽦,ballardbilly@example.net,2022-02-05,3,3374884.86
Bruce Baker,38,?⑥꽦,apriljohnson@example.net,2024-02-18,32,4405182.96
James Johnson,53,?ъ꽦,cookerin@example.org,2021-02-21,49,4308629.09
Nicole Martinez,25,?ъ꽦,emily80@example.org,2022-12-29,35,532407.13
Cynthia Davenport,62,?ъ꽦,kathynewton@example.net,2020-06-26,27,1676723.1
Patrick Howard,39,?ъ꽦,andre01@example.org,2021-11-17,24,1404826
Debra Davis,56,?ъ꽦,williamsgregory@example.com,2023-06-08,27,1685289.81
Susan Jones,64,?ъ꽦,stevensonrhonda@example.net,2021-10-30,18,1474856.1
Michael Baldwin,57,?ъ꽦,emily79@example.org,2020-07-08,28,507498.71
Jeremy Hall,33,?ъ꽦,mmartin@example.org,2023-01-08,9,477568.44
Eric Clark,62,?⑥꽦,alexis23@example.org,2025-02-20,15,591607.26
Stacy Wood,58,?⑥꽦,dennisclements@example.com,2024-04-20,37,4049388.24
Michelle Olson,20,?ъ꽦,wjacobs@example.com,2024-07-21,12,590715.01
Daniel Taylor,27,?ъ꽦,jflores@example.org,2024-02-18,47,1199832.9
David Chen,51,?⑥꽦,michelleromero@example.com,2021-03-01,25,3597484.8
Miranda Bolton,54,?⑥꽦,kaylagaines@example.net,2022-12-14,18,2097215.23
Cassandra Rodriguez,47,?ъ꽦,marcwallace@example.net,2020-04-03,27,1007605.85
Bianca Clark,24,?ъ꽦,kaylathompson@example.net,2024-04-15,25,2316619.77
Robert Webb,44,?⑥꽦,matthewcastro@example.net,2022-02-26,10,640565.94
Sharon Mendoza,21,?ъ꽦,newmanjanet@example.com,2020-03-06,37,4124708.06
Cory Mccormick,45,?ъ꽦,burnettbrittany@example.com,2022-10-30,13,1103761.5
Catherine Miller,46,?ъ꽦,charlesali@example.net,2023-01-29,7,4630651.3
Joshua Davis,21,?ъ꽦,vaughnjohn@example.com,2022-08-22,8,2943857.82
Jeremy Ball,25,?ъ꽦,eroach@example.net,2021-11-18,3,4053360.59
Miss Cheyenne Smith,55,?ъ꽦,gwilson@example.net,2020-05-19,22,2172583.05
Sarah Phillips,48,?⑥꽦,danielsusan@example.com,2022-02-12,7,929150.3
Katrina Scott,48,?⑥꽦,alex10@example.org,2022-07-11,3,1183056.88
Amy Cook,59,?⑥꽦,haynesjulie@example.org,2021-09-06,20,4347389.23
Denise Jones,26,?⑥꽦,woodsjames@example.com,2020-11-21,43,4057771.96
Dylan Vazquez,38,?⑥꽦,fhaynes@example.com,2021-07-23,37,1396075.02
Emily Taylor,30,?⑥꽦,vmack@example.org,2023-06-25,39,1109348.23
George Vargas,51,?ъ꽦,knappelizabeth@example.org,2021-01-25,37,3455513.57
Ann Arnold DVM,21,?⑥꽦,ronald76@example.com,2021-10-30,41,1302645.4
Ashley Martinez,28,?ъ꽦,matthewbecker@example.net,2022-09-08,43,3145434.9
Darlene Gutierrez,62,?⑥꽦,donaldreynolds@example.org,2025-02-02,9,1787861.75
Shelby Roberson,55,?ъ꽦,murraykristen@example.net,2020-10-30,28,1595424.68
Joshua Caldwell,50,?⑥꽦,brownvalerie@example.org,2022-06-17,9,1787632.1
Sherry Navarro,34,?ъ꽦,randy45@example.net,2022-02-20,27,2160010.23
Aaron Ingram,50,?⑥꽦,brandi36@example.org,2024-11-17,23,2359050.39
Vincent Guerrero,63,?⑥꽦,marksalazar@example.com,2021-12-22,40,2579142.82
Charles Cross,29,?⑥꽦,jerrymiller@example.org,2020-08-14,6,939562.61
Ann Kramer,42,?ъ꽦,bellamber@example.net,2023-07-18,45,2452623.19
William Gray,65,?⑥꽦,lauriewright@example.com,2021-04-07,5,1402368.29
Jamie Maldonado,65,?⑥꽦,rolson@example.org,2020-04-29,24,635476.56
Christopher Little,32,?ъ꽦,bcarter@example.com,2024-07-30,21,2393570.75
Lisa Ortiz,51,?⑥꽦,guerreromichael@example.net,2021-04-02,33,2572879.87
Bethany Russell,27,?⑥꽦,ryanmiller@example.com,2020-08-06,1,2733804.29
Erica Meadows,41,?⑥꽦,tmaxwell@example.org,2025-01-23,15,1083937.49
Natasha Mendez,44,?⑥꽦,jared68@example.net,2025-02-23,40,4059038.29
Tina Lozano,27,?⑥꽦,john07@example.org,2023-10-14,22,3766745.89
Sara Ali,30,?ъ꽦,josephcollins@example.net,2025-01-07,18,4010728.11
Mary White,53,?ъ꽦,bradleyware@example.com,2024-03-10,47,4650849.89
Cody Collins,53,?⑥꽦,matthew77@example.org,2022-04-29,6,4288888.91
Gregory Neal,24,?ъ꽦,perezsara@example.net,2022-05-01,35,3821653.44
Tonya Morales,19,?⑥꽦,ryansaunders@example.com,2021-03-21,31,65263.62
Angela Welch,31,?⑥꽦,sgarcia@example.com,2020-05-26,41,305636.44
Zachary Young,61,?ъ꽦,brianwright@example.com,2021-09-18,22,2325657.59
Anna Pratt,21,?ъ꽦,garciasusan@example.com,2023-01-06,1,3454924.35
Brian Garrison,19,?⑥꽦,robertsheppard@example.net,2020-01-14,21,1446739.92
Jennifer Thompson,18,?ъ꽦,pamelajohnson@example.com,2023-01-13,37,3586131.6
Thomas Callahan,32,?⑥꽦,hmalone@example.org,2021-08-03,30,331879.28
Dr. Michelle Alvarez,42,?ъ꽦,thomas34@example.net,2024-05-03,46,4801546.62
Christina Bryant,24,?⑥꽦,charles79@example.net,2020-11-29,28,3738049.04
Nicole Vang,35,?ъ꽦,hrobbins@example.net,2023-09-17,26,3423155.23
Marvin Stout,49,?ъ꽦,christina29@example.net,2024-10-30,7,4000549.21
Joshua Williams,44,?⑥꽦,ryan27@example.org,2023-06-19,27,2121158.28
Christopher Lopez,22,?ъ꽦,cherylvaughan@example.com,2024-10-05,4,3951942.52
Mr. Douglas Wright DDS,22,?⑥꽦,rebecca55@example.com,2021-12-17,42,2381312.98
John Holt,53,?⑥꽦,obrown@example.org,2020-08-20,27,4135234.17
Wayne Mathis,30,?ъ꽦,perezkelly@example.net,2020-10-24,24,4445488.68
Mark Robinson,36,?⑥꽦,morgancourtney@example.net,2020-05-04,32,3008182.86
Mary Lewis,39,?ъ꽦,ericmartinez@example.com,2022-06-19,11,2014364.03
Joan Weaver,26,?⑥꽦,stevenedwards@example.org,2024-10-28,8,2774134.75
Madison Roberts,30,?ъ꽦,timothysmith@example.net,2024-04-24,20,2430220.19
Jessica Anderson,23,?⑥꽦,haroldnelson@example.org,2022-09-08,15,3560762.91
Stephen Lee,61,?ъ꽦,smithmeagan@example.org,2022-05-22,50,2329220.58
Kristen Peterson,43,?ъ꽦,edward58@example.net,2022-08-20,16,1840442.82
Sheila Mason,61,?⑥꽦,dcampbell@example.org,2023-07-20,6,1334321.25
John Robinson,22,?⑥꽦,katherine57@example.org,2023-06-03,11,3030561.41
Kenneth Green,18,?ъ꽦,allenjason@example.net,2020-11-09,42,3668072.5
Mr. Michael Taylor,44,?ъ꽦,jaredrobinson@example.org,2020-01-23,35,4703619.73
Andrew Hayes,31,?ъ꽦,beverly78@example.net,2023-03-30,18,2070751.75
Erin Kelley,65,?ъ꽦,janehowell@example.com,2023-07-05,38,1665847.77
Jeffery Walker,57,?ъ꽦,msanford@example.com,2021-11-14,34,4853108.24
Catherine Lee,64,?ъ꽦,jillbryan@example.com,2024-04-12,2,4797620.83
Denise Conley,62,?⑥꽦,williamashley@example.net,2021-09-20,29,4263173.07
Teresa Jimenez,53,?⑥꽦,timothy11@example.com,2024-10-20,16,4457150.19
Nicole Clark,52,?⑥꽦,andrewjohnson@example.com,2021-04-23,45,403549.57
Justin Nunez,33,?⑥꽦,garciatimothy@example.net,2024-01-10,22,492296.24
John Cameron,55,?ъ꽦,nathaniel88@example.org,2022-08-27,2,3277534.58
Amy Bishop,48,?ъ꽦,tamarawilliams@example.org,2024-12-19,3,4511438.08
Danny Washington,55,?⑥꽦,andersonronnie@example.net,2020-12-26,15,409153.68
David Wells,59,?ъ꽦,jill48@example.org,2023-10-18,12,1251276.26
Alex Aguilar,37,?⑥꽦,josephrodgers@example.com,2022-09-26,20,1568425.61
Emma Fisher,39,?ъ꽦,joseph57@example.org,2023-06-12,37,2503406.27
Patrick Warner,46,?ъ꽦,nataliewest@example.com,2023-08-26,48,3072995.55
Toni Reyes,34,?⑥꽦,melissa63@example.com,2020-06-10,8,3359963.33
Christina Reilly,31,?ъ꽦,tinabrewer@example.net,2023-08-27,9,2859290.51
Ann Schultz,29,?⑥꽦,kellymarissa@example.net,2020-12-09,4,4240963.45
Timothy Morgan,42,?⑥꽦,jameshowe@example.org,2022-03-16,16,4315849.59
Lauren Harris,42,?⑥꽦,michael61@example.org,2022-11-24,28,2582026.83
David Chase,53,?⑥꽦,jennifer89@example.net,2024-09-30,29,2305261.99
Ashley Gregory,64,?ъ꽦,linda92@example.com,2022-04-30,23,157565.97
Renee Miller,20,?ъ꽦,williamsrobert@example.com,2024-01-20,32,3726509.09
Ann Burgess,35,?ъ꽦,gschwartz@example.org,2023-01-10,20,3050887.2
Joy Hart,21,?⑥꽦,kimberly02@example.org,2024-02-03,47,1115712.43
Shannon Caldwell,30,?ъ꽦,rpeterson@example.com,2023-09-11,28,1163024.19
Karen Turner,52,?ъ꽦,katelynfernandez@example.org,2020-07-12,4,4236440.05
Jeffrey Duncan,59,?ъ꽦,paul66@example.org,2025-02-14,47,2746256.01
Robert Huber,50,?⑥꽦,ann87@example.net,2024-08-10,27,4853550.95
Joshua King,42,?⑥꽦,dlewis@example.org,2023-05-10,49,3094792.28
Michael Martin,57,?⑥꽦,lwebb@example.com,2020-03-23,29,1513174.54
Allison Bishop,40,?ъ꽦,dickersonemily@example.net,2020-08-02,48,3930123.93
Heather Wong,47,?⑥꽦,devin10@example.net,2024-01-29,35,1713379.7
Shawn Ochoa,58,?⑥꽦,xmoore@example.org,2024-03-15,10,3201250.57
Christopher Singh III,43,?⑥꽦,theresaskinner@example.com,2023-08-27,9,4850304.77
Preston Bowman,27,?ъ꽦,poolelaura@example.net,2020-03-04,16,4456933.15
Kimberly Campos,26,?ъ꽦,kmolina@example.net,2020-12-03,33,4290312.41
Benjamin Saunders,46,?⑥꽦,ksanchez@example.net,2021-08-11,35,4452469.54
Diane Gregory,47,?ъ꽦,olsonelizabeth@example.org,2022-02-10,48,1711675.8
Nicole Hughes,46,?ъ꽦,elizabethodonnell@example.org,2023-06-03,29,2350383.45
Heather Hernandez,59,?⑥꽦,bakermikayla@example.com,2020-06-15,42,3279692.51
Ashley House,35,?ъ꽦,johnmoore@example.com,2020-05-08,34,3038767.91
Daniel Armstrong,41,?ъ꽦,helenwalters@example.org,2022-02-27,44,2522633.1
Sabrina Castaneda,41,?ъ꽦,frodriguez@example.com,2021-07-13,37,4904814.1
Antonio Downs,19,?ъ꽦,jjoyce@example.net,2022-09-15,6,2275835.5
Mr. Michael Brown MD,44,?ъ꽦,robert36@example.org,2021-04-07,29,3536647.28
Philip Barton,55,?ъ꽦,maryrangel@example.com,2022-07-18,8,2847837.17
Evan Pugh,48,?⑥꽦,jamesmorris@example.org,2023-03-07,15,2330182.72
Austin Lopez,56,?ъ꽦,umorrison@example.org,2022-09-21,18,1177844.1
Stephanie Townsend MD,41,?⑥꽦,joseph70@example.com,2021-09-30,43,1235487.25
Ellen Jacobs,28,?⑥꽦,michaeldavis@example.net,2020-07-03,17,3741513.13
Michael Atkins,50,?ъ꽦,hubbardlauren@example.org,2021-05-01,9,3481209.41
Jessica Adams,60,?⑥꽦,maryblair@example.net,2021-11-22,7,2204675.34
Carl Galvan,58,?⑥꽦,jonathan29@example.com,2021-01-05,42,2870769.2
Sonya Jimenez,49,?ъ꽦,marywillis@example.org,2023-08-15,22,2566332.63
Kayla Dickson,62,?⑥꽦,smithkristin@example.net,2023-06-27,29,2812999.91
Ray Barnett,45,?⑥꽦,mirandacoffey@example.net,2021-11-28,20,4865574.54
Aimee Clark,62,?⑥꽦,fdavis@example.net,2023-06-20,41,1354011.82
Mary Galvan,30,?⑥꽦,villapamela@example.net,2020-11-08,37,1213741.71
Heather Price,20,?⑥꽦,martinkatelyn@example.com,2020-11-23,36,1959914
Melissa Hawkins,29,?ъ꽦,emoore@example.com,2020-12-05,29,4798219.82
Nicole Mendoza,63,?⑥꽦,joseph24@example.net,2020-04-18,47,1595900.9
Gregory King,29,?ъ꽦,uwarner@example.net,2021-08-04,12,2551614.13
Samuel Fox,55,?ъ꽦,hayskimberly@example.com,2020-09-08,39,2996651.23
Patricia Brooks,53,?⑥꽦,fgreen@example.org,2024-10-28,17,4113718.77
Sara Fleming,20,?ъ꽦,hannah29@example.com,2021-10-24,31,1138307.82
Charles Wiggins,46,?⑥꽦,andrew50@example.com,2023-03-05,27,1391249.27
Shawna Pope,40,?ъ꽦,vicki57@example.org,2020-12-08,34,1099234.63
Nicholas Gaines,38,?⑥꽦,deannahumphrey@example.net,2022-09-20,31,2244656.52
Valerie Sanders,24,?⑥꽦,rpalmer@example.net,2022-09-02,19,3808747.94
Jessica Clark,62,?ъ꽦,mchavez@example.com,2020-07-01,20,3557097.98
Kristi Todd,43,?⑥꽦,bernard19@example.org,2024-02-07,30,4590795.77
Desiree Silva,43,?⑥꽦,kcarter@example.com,2024-10-12,1,4204047.36
Megan Velez,46,?⑥꽦,mary88@example.com,2024-12-12,36,4296119.71
Heather Young,50,?ъ꽦,bmorgan@example.net,2021-06-09,49,540979.1
Tamara Russell,59,?⑥꽦,gregoryclark@example.net,2023-03-17,40,3712721.28
Susan Rich,65,?⑥꽦,donald55@example.org,2020-02-07,9,3063955.47
Charlene Thomas,52,?⑥꽦,philip94@example.net,2023-09-24,34,1214546.66
Crystal Nelson,22,?ъ꽦,xmcmillan@example.org,2022-05-10,39,2231163.95
Katherine Mccoy,38,?⑥꽦,rachel86@example.org,2021-11-18,39,3910277.56
Nicholas Howard,58,?⑥꽦,rtaylor@example.net,2020-01-02,38,1652911.76
Mario Petersen,20,?ъ꽦,jason63@example.com,2020-03-25,17,2280150.3
Angela Edwards,59,?ъ꽦,katie78@example.net,2020-12-15,21,1290127.47
Catherine Anderson,44,?ъ꽦,morgan69@example.org,2023-08-25,50,2684483.73
David Williams,34,?⑥꽦,cheryloconnor@example.com,2020-12-18,17,4396293.79
David Salazar,33,?ъ꽦,bsmith@example.net,2022-02-28,2,3456273.84
Vanessa Davis,32,?⑥꽦,monicajones@example.net,2023-04-01,48,3599445.43
Kenneth Leon,35,?ъ꽦,fhenderson@example.net,2024-07-11,3,4534209.94
Vernon Chavez,38,?ъ꽦,vchen@example.net,2020-08-01,39,772811.36
Kevin Jacobs,40,?⑥꽦,charles94@example.org,2021-06-21,44,1381662.24
Audrey Kelly,57,?ъ꽦,elizabethmahoney@example.net,2023-03-04,23,1580714.39
Kevin Wells,38,?⑥꽦,thompsonjoshua@example.com,2020-12-06,50,1157434.02
Jill Rowland,64,?⑥꽦,ashlee16@example.org,2024-10-06,22,3098280.09
James Carroll,35,?ъ꽦,darrelljimenez@example.org,2022-05-26,36,3733010.97
Peter Rodriguez,55,?⑥꽦,erica79@example.com,2024-09-07,36,3070439.94
David Robertson,42,?ъ꽦,feliciaanderson@example.com,2021-02-24,27,4028296.7
Raven Mitchell,64,?⑥꽦,scott07@example.org,2020-12-25,1,2955495.45
Valerie Nichols DVM,46,?ъ꽦,burgesslori@example.org,2024-10-12,16,2376719.46
Mrs. Melissa Wright PhD,34,?ъ꽦,amandamack@example.net,2021-05-05,26,811812.47
Brett Keith,40,?⑥꽦,william13@example.net,2024-07-17,9,1249606.52
Lisa Mckenzie,58,?⑥꽦,patricia14@example.net,2020-12-23,7,854749.99
Paula Graham,64,?⑥꽦,melindasantos@example.net,2020-09-12,8,3794751.34
Melissa Jackson,26,?ъ꽦,ayersalexandra@example.net,2020-09-07,30,1396779.47
Ryan Peck,36,?⑥꽦,bethwilson@example.net,2021-11-20,2,3720744.02
Jennifer Russell,29,?ъ꽦,henrymack@example.net,2021-03-22,17,3766919.62
Tricia Larson,64,?⑥꽦,heatherweaver@example.net,2020-03-24,29,1817452.94
Laura Johnson,59,?ъ꽦,traci05@example.org,2022-01-21,3,154126.53
Leslie Martinez,51,?ъ꽦,cowanchristopher@example.net,2021-11-11,23,2842138.24
Natalie Cabrera,23,?ъ꽦,oconnortyler@example.com,2025-03-13,19,462257.4
Rhonda James,43,?⑥꽦,karen05@example.org,2022-09-21,9,988607.35
Diane Norris,30,?ъ꽦,randolphholly@example.org,2022-09-16,24,2048056.07
Amber Perez,56,?⑥꽦,bryantandrew@example.net,2023-01-23,9,2239888.91
Karen Haynes,36,?⑥꽦,judyanderson@example.org,2020-10-17,41,3782974.74
Ronald Johnson,30,?ъ꽦,jessicabradford@example.com,2025-03-13,2,2687750.59
Evan Lozano,61,?ъ꽦,stevenleonard@example.org,2023-05-28,38,1720462.99
Renee Smith,19,?ъ꽦,shannoncrosby@example.net,2021-02-09,21,1536852.6
Jesse Parks,62,?⑥꽦,vrice@example.org,2025-02-22,22,1340870.63
Andrew Murillo,20,?ъ꽦,qevans@example.com,2020-09-17,32,1526918.68
William Greene,42,?ъ꽦,nicolehanson@example.net,2021-06-02,8,2586530.7
Jonathan Harris,19,?ъ꽦,patriciajames@example.net,2023-06-05,38,150411.58
Marcus Johnson,57,?ъ꽦,brian69@example.com,2022-02-19,14,4856337.22
Rick Flynn,37,?⑥꽦,mhorne@example.org,2023-01-09,37,1846038.21
Laura Vazquez,28,?ъ꽦,hedwards@example.org,2023-06-06,45,4707688.59
Laura Sanders,24,?⑥꽦,xwright@example.com,2021-10-13,34,2590070.08
Melissa Wilson,40,?ъ꽦,zharris@example.net,2022-11-09,47,1908994.68
Emily Wu,24,?ъ꽦,powelldavid@example.net,2021-02-03,18,3276835.93
Natalie Holmes,18,?⑥꽦,danielgallagher@example.net,2021-04-11,45,821376.15
Carrie Davidson,32,?⑥꽦,daniel83@example.com,2024-09-13,16,4007417.48
Leslie Wall,64,?ъ꽦,danielle13@example.net,2021-06-05,36,4467203.19
Terry Poole,41,?⑥꽦,qhughes@example.org,2024-11-10,35,3795502.4
Cory Cox,45,?⑥꽦,vmoore@example.net,2023-08-28,9,1749607.48
David Woods,34,?ъ꽦,denisebraun@example.org,2022-12-24,38,516475.21
Krystal Arnold,35,?ъ꽦,deborahprice@example.net,2024-04-08,42,3121418.4
William Burton,24,?⑥꽦,jennifercarter@example.net,2024-01-02,15,1697921.29
Debra Rhodes,22,?⑥꽦,richard07@example.com,2022-07-06,39,4507626.98
Willie Griffin,61,?ъ꽦,wgarcia@example.org,2025-01-14,49,790897.76
Amanda Maldonado,30,?ъ꽦,david20@example.net,2024-03-26,46,4579640.19
Michael Finley,39,?⑥꽦,ycisneros@example.org,2020-03-24,41,1829655.45
Christine Patterson,23,?⑥꽦,lesliemelton@example.com,2022-01-20,28,2442234.61
Lindsey Hall,53,?⑥꽦,jhammond@example.org,2020-08-31,24,111830.8
Darrell Glenn DDS,27,?⑥꽦,sdickerson@example.org,2023-08-08,6,2299106.09
Tamara Molina,43,?ъ꽦,igonzalez@example.net,2023-11-09,48,2731352.84
Maureen Perez,34,?⑥꽦,mariabruce@example.org,2024-01-05,15,1706840.95
Jason Wilson,45,?⑥꽦,jennifer91@example.net,2020-11-19,36,1509298.69
Joel Hood,52,?ъ꽦,lauraowens@example.net,2023-02-25,6,978347.76
Shane Simmons,20,?⑥꽦,jeffreycollins@example.org,2020-02-27,30,1016515.48
Tara Carlson,41,?⑥꽦,amiller@example.com,2022-10-08,13,2781350.17
Amy Walker,60,?ъ꽦,scottbenjamin@example.net,2020-05-31,16,2355867.65
Anthony Green,38,?⑥꽦,duranangela@example.org,2021-05-30,15,3914538.73
Cynthia Murray,36,?ъ꽦,jessica25@example.net,2023-03-26,15,4249982.27
Mark Taylor,40,?ъ꽦,ggray@example.net,2020-08-19,44,2963044.81
John Hobbs,36,?⑥꽦,gregory11@example.com,2020-03-16,32,390006.25
Kimberly Hall,57,?ъ꽦,tommy32@example.org,2022-09-18,34,1728996.1
Jasmine Wheeler,19,?ъ꽦,dominique90@example.com,2022-05-11,50,3349378.97
Linda Clayton,45,?⑥꽦,wadezachary@example.com,2020-11-27,16,1818246.44
Bruce Allen,50,?⑥꽦,pattersonwilliam@example.com,2023-05-09,35,1983009.22
Margaret Turner,19,?ъ꽦,barneswillie@example.com,2020-01-17,49,2081730.38
Stephanie Malone,22,?⑥꽦,christian97@example.net,2024-03-30,18,699912.34
William Cunningham,20,?ъ꽦,danielguerra@example.org,2022-01-24,45,2080727.74
Steven Juarez,30,?⑥꽦,bellamanda@example.org,2023-08-25,34,419118.53
Patrick Harris,42,?⑥꽦,trobertson@example.org,2022-04-11,19,1557739.56
Michael Turner,34,?ъ꽦,lcook@example.org,2024-09-02,50,3114015.31
Brenda Weaver,24,?ъ꽦,eholloway@example.com,2020-03-18,8,3648780.12
James Martin,60,?⑥꽦,thomasrodriguez@example.net,2024-01-28,34,4308444.31
Robert Shelton,21,?ъ꽦,adamsmarvin@example.net,2022-06-21,12,1346034.72
Martha Sanders,65,?⑥꽦,david19@example.org,2022-08-10,31,3268640.14
John Ramirez,54,?⑥꽦,scottmichael@example.com,2020-03-03,9,3425425.54
Paul Perkins,61,?ъ꽦,elizabethparker@example.com,2024-08-20,46,3143287.41
Megan Green,45,?⑥꽦,christy64@example.org,2023-02-08,46,1585207.82
Jennifer Green,49,?ъ꽦,barrydavis@example.net,2022-04-01,16,1873664.76
Amanda Navarro,24,?⑥꽦,mterry@example.org,2024-09-20,40,1914418.71
Travis Hudson,53,?⑥꽦,pierceelizabeth@example.com,2020-06-24,24,1290650.88
Dr. Jennifer Williams,35,?⑥꽦,xgarza@example.com,2024-01-17,37,3206110.9
Kathy Lamb,36,?⑥꽦,johnsonjamie@example.com,2020-04-08,21,811319.92
Dr. Angela Barnes DDS,26,?ъ꽦,ythompson@example.com,2024-02-04,16,1031618.06
Daniel Williams,32,?⑥꽦,eric77@example.org,2022-01-07,8,3542833.47
Isaac Wise,52,?⑥꽦,gburns@example.com,2024-05-04,21,255069.05
Tony Garcia,46,?⑥꽦,delgadoheather@example.org,2023-07-16,45,4450817.16
Eric Torres,37,?ъ꽦,wilsonjulia@example.org,2021-06-28,40,3755944.93
Terri Anderson,29,?⑥꽦,boyerfrances@example.com,2023-10-29,14,416999.57
Marilyn Graham,22,?ъ꽦,cindywilson@example.net,2021-11-25,5,823723.79
Dr. Kim Graham,34,?⑥꽦,samantha26@example.com,2023-08-17,33,4457467.93
Nicole Massey,18,?ъ꽦,elizabethoneal@example.net,2023-10-14,44,1251232.76
Karl Austin,58,?⑥꽦,andrea20@example.org,2023-12-25,42,2197062.51
Michelle Jones,32,?ъ꽦,theresarobbins@example.org,2020-03-22,4,3113448.97
Matthew Schneider,58,?⑥꽦,gibbsjoshua@example.org,2022-02-18,12,2496646.76
David Wood,47,?ъ꽦,jordan15@example.com,2024-09-18,41,3204590.17
Emily Mendez,63,?⑥꽦,nicole43@example.org,2024-07-20,9,4542685.58
Alan Rogers,51,?ъ꽦,tbrown@example.com,2025-01-12,1,2373806.84
Martin Jones,29,?⑥꽦,swilliams@example.com,2021-10-17,16,3708930.77
Kelsey Lee,25,?⑥꽦,timothy92@example.net,2023-11-26,15,3295930.01
Thomas Kaiser Jr.,65,?ъ꽦,perkinsanthony@example.net,2022-03-08,18,63551.9
Chelsea Gallegos,56,?ъ꽦,mcconnellhaley@example.com,2021-12-06,15,632318.99
William Dixon,52,?ъ꽦,taylor23@example.com,2023-01-09,23,3442954.37
Robert Arroyo,24,?ъ꽦,laura26@example.net,2021-03-24,49,3635594.04
Joseph Anderson,53,?⑥꽦,albert77@example.net,2021-04-12,8,2929588.38
Shannon Horton,55,?ъ꽦,barnesjeff@example.org,2022-06-03,9,3209733.25
Brian Jackson,55,?⑥꽦,nelsonaaron@example.org,2022-08-16,2,510377.96
Janet Thomas DDS,23,?ъ꽦,alexandersmith@example.net,2020-05-16,29,2177399.23
Jordan Castillo,48,?⑥꽦,maryweber@example.net,2024-03-11,49,4265622.3
Raven Salinas,57,?ъ꽦,kaufmanmonica@example.org,2021-12-01,22,2459329.36
Amy Howard,29,?ъ꽦,rose73@example.org,2021-09-07,41,3009372.58
Roger Spence,23,?⑥꽦,lisaanthony@example.com,2021-03-31,17,3990098.58
Alexandra Gross,60,?⑥꽦,kenneth91@example.com,2024-08-08,46,1781848.66
Angela Hughes,38,?ъ꽦,edwardcontreras@example.com,2021-10-16,21,4063343.6
Erik Allen,47,?ъ꽦,kristine58@example.org,2024-11-19,23,1690985.8
Holly Hancock,54,?⑥꽦,davidduke@example.net,2020-01-02,22,2034144.93
Jason Yates,31,?⑥꽦,john17@example.net,2024-04-04,28,1811761.47
Nathan Fowler,47,?ъ꽦,piercekaitlyn@example.org,2023-08-01,36,4983527.29
Amber Campbell,23,?ъ꽦,jefferygarcia@example.net,2020-02-27,44,1456124.53
Caitlin Willis,22,?⑥꽦,hrobbins@example.net,2023-02-11,8,4490501.03
Jessica Smith,49,?⑥꽦,nsmith@example.com,2020-04-15,3,2208302.52
Christopher Perry,49,?⑥꽦,susan02@example.org,2023-08-10,21,4112053.36
Troy Chambers,54,?⑥꽦,scott44@example.org,2021-11-11,14,1921180.93
Katherine Smith,30,?ъ꽦,cjenkins@example.org,2022-06-02,29,1826696.04
Tyler Burnett,65,?ъ꽦,shirleymcfarland@example.org,2023-10-09,4,2462036.68
Karen Fernandez,41,?⑥꽦,johnsonchristine@example.net,2020-07-03,49,2577670.98
Eric Washington,36,?ъ꽦,deborah75@example.com,2021-08-16,26,2739936.5
Michael Gordon,37,?⑥꽦,williammorris@example.org,2022-01-02,14,999661.8
Matthew Baker,35,?⑥꽦,irobinson@example.com,2020-03-21,32,3706988.16
Joseph Gaines,18,?ъ꽦,waltonjohn@example.com,2022-01-01,18,2030496.26
Joseph Cook,52,?ъ꽦,april71@example.org,2024-02-01,36,1973336.93
Drew Lane,36,?ъ꽦,zacharymills@example.com,2024-03-04,6,1899109.66
Connor Davis,34,?⑥꽦,timothybailey@example.com,2022-12-07,12,2760074.74
Nicholas Johnson,26,?⑥꽦,hoffmananna@example.com,2020-07-23,37,4792026.93
Carolyn Hines,54,?⑥꽦,sfranco@example.net,2024-06-01,36,3183070.74
Matthew Lewis,52,?⑥꽦,billy15@example.net,2020-06-27,16,3496193.12
Michael Johnson,44,?⑥꽦,simpsonjason@example.net,2021-08-03,34,918232.61
Allen Robbins,39,?⑥꽦,laura07@example.org,2024-01-01,40,795284.1
David Jones,42,?⑥꽦,jpowell@example.net,2023-12-24,44,482709.89
James Rose MD,59,?ъ꽦,ohicks@example.org,2022-11-25,28,3098514.1
Dennis Rich,51,?ъ꽦,arnoldrobert@example.org,2023-02-05,27,4535281.77
Matthew Rodgers,64,?ъ꽦,michelleerickson@example.net,2025-03-03,11,4399291.72
Charles Stewart,44,?ъ꽦,bryan89@example.org,2022-12-06,34,578168.9
William Brandt,49,?⑥꽦,egilbert@example.com,2022-07-04,18,3826686.74
Ruth Jones PhD,29,?⑥꽦,shannon08@example.com,2020-04-23,5,2323667.87
Darrell Baker,42,?ъ꽦,vmartinez@example.org,2021-08-17,5,1347471.37
Jennifer Nguyen,45,?ъ꽦,lisawatson@example.net,2020-04-17,14,3442849.03
Phillip Spencer,62,?ъ꽦,taylor51@example.org,2020-09-24,29,3916619.92
Jamie Nelson,22,?⑥꽦,shannonthomas@example.net,2020-08-08,15,87877.35
Jennifer Griffith,47,?⑥꽦,ramirezbrittany@example.com,2021-01-06,21,1611520.48
Brandon Harvey,21,?ъ꽦,sierra29@example.net,2023-12-09,48,2424857.03
Casey Gross,50,?ъ꽦,rachel68@example.org,2021-11-10,33,356603
Steven Hull,18,?⑥꽦,edwardsmelissa@example.com,2020-05-08,20,1332689.93
Jessica Bowers,44,?⑥꽦,patrick75@example.net,2024-11-11,32,924160.75
Sarah Clark,18,?ъ꽦,jasonburch@example.org,2023-10-30,6,2885402.05
Michael Castillo,45,?ъ꽦,jamespayne@example.org,2021-10-24,34,2155167.69
Samuel Miller,50,?⑥꽦,joshua68@example.net,2024-02-18,3,3511052.31
Timothy Perez,44,?⑥꽦,cbrown@example.org,2020-05-19,42,744454.1
Jeffrey Rios,62,?⑥꽦,newing@example.net,2020-01-04,50,3331588.88
David Griffith,55,?ъ꽦,susan98@example.com,2025-02-18,18,4137416.72
Misty Odonnell,35,?⑥꽦,mary08@example.net,2025-01-17,48,472310.65
Miss Christina Mendez,30,?ъ꽦,cody51@example.net,2024-12-30,29,377938.52
Connie Yoder,50,?ъ꽦,ryanrobinson@example.com,2023-07-28,13,2301251.5
Jennifer Hale,51,?⑥꽦,cynthia08@example.org,2020-02-17,29,2191243.72
Jeffrey Hudson,39,?ъ꽦,millerkrystal@example.org,2020-02-04,47,196067.87
Anne Gray,54,?ъ꽦,simmonssarah@example.com,2020-09-13,4,3196560.96
Terry Price,56,?⑥꽦,rhardy@example.org,2025-01-22,9,867991.02
Austin Davis,44,?⑥꽦,fishernancy@example.net,2021-11-23,44,261631.35
Christine Kent,29,?⑥꽦,moniquelittle@example.net,2021-08-20,13,688454.67
Michelle Dougherty,48,?⑥꽦,nstanley@example.com,2022-06-01,45,3210926.27
Cassandra Graham,55,?⑥꽦,erichards@example.org,2022-08-10,13,4724128.83
Steven Hess,29,?⑥꽦,christine22@example.com,2024-05-26,7,3033009.67
Shane Hale,52,?⑥꽦,parksdanielle@example.net,2021-11-05,41,2624876.21
Sherry Sharp,39,?ъ꽦,xjohnson@example.com,2021-04-15,45,92292.57
Steven Russell,42,?⑥꽦,joshuanelson@example.org,2020-07-30,46,2882461.23
Amanda Fitzpatrick,53,?⑥꽦,medinamark@example.com,2024-09-28,23,3985427.71
Daniel Reynolds,41,?⑥꽦,fordjoseph@example.com,2024-08-02,15,2012970.51
Richard Rodgers,27,?ъ꽦,raymond05@example.org,2022-03-07,16,1539452.46
Elizabeth Payne,53,?⑥꽦,mannmichelle@example.net,2020-07-05,47,2170327.37
Larry Thompson,61,?ъ꽦,sarahthompson@example.net,2023-02-11,8,4411692.96
Amanda Miller,28,?ъ꽦,fletcherjessica@example.com,2021-01-16,19,388651.4
David Mueller,34,?ъ꽦,dianafletcher@example.net,2022-09-12,36,2948309.65
Peter Hoffman,26,?⑥꽦,vnelson@example.net,2021-09-08,38,473747.05
Lauren Manning,40,?ъ꽦,shelleygrant@example.com,2024-08-10,12,4734406.2
Nancy Black,48,?⑥꽦,smithjessica@example.org,2022-03-24,27,761506.69
Dr. Alyssa Holland,63,?ъ꽦,vickie15@example.com,2020-11-27,50,4111068.63
Lori Hunter,63,?⑥꽦,rayalyssa@example.net,2024-03-21,12,4277611.53
Zachary Johnson,35,?ъ꽦,xvillanueva@example.com,2020-01-04,22,1854814.05
Christopher Solomon,53,?ъ꽦,dmiller@example.org,2021-08-09,43,471047.22
Travis Barnett,33,?ъ꽦,chapmantimothy@example.com,2024-11-19,12,3737753.33
Jill Price,56,?⑥꽦,coxlaura@example.org,2022-02-14,37,3337378.4
Stephen Perez,63,?⑥꽦,gonzalezsara@example.com,2023-06-20,13,3395619.56
Julie Wilson,59,?⑥꽦,jacob37@example.org,2023-09-19,8,4136393.81
Charles Lucero,57,?⑥꽦,qgoodwin@example.net,2024-12-02,31,4399854.39
Kevin Salinas,45,?ъ꽦,morrowkenneth@example.net,2024-01-13,10,898519.32
Derrick Ramos,55,?ъ꽦,wjohnson@example.com,2025-02-12,12,2198105.1
Stephanie Jackson,64,?⑥꽦,kimberly65@example.net,2023-11-09,11,687044.75
Sherry Bailey,26,?⑥꽦,jessica74@example.org,2023-06-27,32,4760728.19
Eric Burns,53,?⑥꽦,bradleytaylor@example.org,2021-03-07,11,670847.4
Victoria Valdez,44,?ъ꽦,micheal49@example.net,2022-04-12,15,3088159.71
Christopher Fuentes,49,?⑥꽦,crystalstrickland@example.org,2021-11-07,13,4790918.32
Jeffrey Byrd,60,?ъ꽦,johnsonnatasha@example.org,2022-02-06,18,3579751.03
Amanda Moran,18,?⑥꽦,courtney66@example.org,2021-07-18,18,4699196.76
Reginald Miller,20,?⑥꽦,kathleensharp@example.org,2020-03-09,30,4745794.08
Deborah Mcdaniel,42,?⑥꽦,anthonychambers@example.org,2022-08-07,40,4314044.68
Charles James,49,?ъ꽦,connor46@example.com,2023-12-08,30,2471087.72
Evan Richard,42,?⑥꽦,smendez@example.com,2023-02-26,30,849349.41
Eric Garcia,32,?ъ꽦,carlamunoz@example.net,2025-01-04,12,698920.45
Casey Mccoy,56,?⑥꽦,cooperjack@example.net,2020-08-22,47,4722895.25
Jillian Nguyen,29,?ъ꽦,gabrielrobinson@example.com,2023-09-26,48,1254112.36
Michele Davis,57,?ъ꽦,chungmatthew@example.org,2025-02-21,30,3402679.7
Jessica Smith,49,?⑥꽦,jonesmatthew@example.net,2024-04-28,49,2434094.05
Tanya Bowman,50,?ъ꽦,darnold@example.com,2020-07-16,42,1239763.32
Christine Sawyer,51,?⑥꽦,ahall@example.com,2020-01-14,7,122927.22
Mrs. Rhonda Price,25,?ъ꽦,fparsons@example.org,2024-07-09,29,3791289.55
Michael Nunez,61,?ъ꽦,lhobbs@example.com,2022-08-15,30,2192334.13
Victor Haney,63,?ъ꽦,gonzalezsarah@example.net,2020-05-01,45,3999174.66
Ricardo Rodriguez,45,?ъ꽦,sharon64@example.com,2025-02-24,3,1440069.62
Kyle Sanchez,18,?ъ꽦,julian50@example.net,2025-01-12,23,1419337.11
Stacy Williams,40,?⑥꽦,moorethomas@example.org,2024-09-16,45,2287213.89
Steven Waters,61,?⑥꽦,wilcoxjohn@example.net,2025-01-20,42,2707899.75
Derek Evans,48,?ъ꽦,kimberly08@example.org,2024-07-21,42,3873920.17
Kristine Alexander,38,?⑥꽦,adam35@example.net,2024-10-27,4,3815026.35
Ryan Cohen,24,?ъ꽦,riverachad@example.net,2025-01-23,20,442223.22
Cheryl Hanson,56,?⑥꽦,powersjohn@example.org,2022-08-20,6,2731745.9
Kelly Berry,21,?⑥꽦,marksmith@example.org,2020-10-18,48,4851077.62
Ms. Brittany Rojas DDS,48,?ъ꽦,melissaweaver@example.net,2022-10-04,44,4919897.91
Angela Brown,20,?ъ꽦,pvasquez@example.org,2020-10-30,34,4247008.8
Connie Jackson,27,?ъ꽦,abrown@example.org,2021-11-05,15,1426356.33
Amy Maldonado,48,?ъ꽦,stevensrobert@example.org,2021-09-12,40,1913661.22
Richard Patterson,56,?⑥꽦,williamskatherine@example.net,2023-06-22,2,300748.69
Kristina Ortiz,23,?⑥꽦,fbrown@example.com,2022-02-14,13,2993191.47
Mary Wilkerson,53,?ъ꽦,chelseathornton@example.com,2023-05-16,19,1675456.45
Jason Wiggins,58,?ъ꽦,henryjennifer@example.net,2023-09-04,43,332518.02
Roger Hanson,63,?⑥꽦,davidsonjared@example.org,2020-03-12,7,714891.88
Kathryn Vega,64,?ъ꽦,brittany84@example.com,2021-02-27,38,1114756.97
Brandon Mcdonald,63,?⑥꽦,steven01@example.org,2024-02-29,29,1805570.07
Alfred Esparza,37,?⑥꽦,apowell@example.org,2020-11-22,23,3201870.7
Christian Robbins,59,?ъ꽦,ecole@example.org,2021-04-25,31,1477908.48
Zachary Jones,32,?ъ꽦,michelleburke@example.com,2025-02-27,12,4809266.29
Victoria Jenkins,45,?ъ꽦,carriesandoval@example.com,2021-10-18,37,3871450.49
Douglas Lambert,41,?ъ꽦,patrickmorales@example.org,2024-02-17,27,4815761.51
Catherine Perez,30,?ъ꽦,brookejohnston@example.net,2020-04-26,9,4120191.17
Alexis Tran,62,?⑥꽦,leon38@example.net,2022-04-27,7,3747578.54
Amy Dixon,61,?⑥꽦,sbrown@example.com,2023-04-22,1,399258.5
Terry King,21,?⑥꽦,sblanchard@example.com,2020-03-20,9,2843279.83
Jason Taylor,65,?⑥꽦,shieldsanna@example.com,2022-09-20,1,4189660.04
Stephanie Morris,56,?ъ꽦,mgibson@example.org,2021-05-31,19,951084.74
Sean Valdez,63,?ъ꽦,vparker@example.net,2021-02-19,23,4145749.1
Chelsea Taylor,20,?⑥꽦,hammondandrew@example.net,2020-03-09,49,2601000.13
Jordan Burns,19,?⑥꽦,bsmith@example.com,2021-05-14,18,1984168.07
Bonnie Rios,51,?ъ꽦,gina77@example.org,2020-12-10,38,1605292.12
Joshua Cox,37,?ъ꽦,lewisjesse@example.net,2020-11-09,31,4118637.82
Rachel Ford,49,?⑥꽦,danielcarey@example.com,2021-05-13,4,2020400.05
Alicia Chapman,47,?ъ꽦,aparsons@example.net,2021-05-04,36,219695.27
Kimberly Hughes,50,?⑥꽦,andrewdavis@example.net,2024-10-21,31,4192872.93
Stephen Weaver,30,?ъ꽦,watsonrebecca@example.org,2020-09-29,21,3587576.08
Virginia Green,44,?⑥꽦,julie66@example.org,2022-12-20,14,4409672.89
Patrick Mills,32,?⑥꽦,erik22@example.com,2023-05-28,23,4757379.1
Grant Coffey,27,?ъ꽦,hvargas@example.com,2021-06-15,23,1229963.89
Hannah Dominguez,31,?ъ꽦,bjohnson@example.com,2022-01-04,1,3650444.63
Jesus Miller,29,?ъ꽦,sean21@example.com,2022-04-18,3,2550148.07
Patricia Odom,52,?⑥꽦,grahamcynthia@example.com,2024-02-10,43,4389851.49
Micheal Lewis,27,?⑥꽦,kathryn46@example.com,2023-06-30,41,1403982.01
Amanda Johnson,38,?⑥꽦,kayla64@example.com,2020-02-05,1,4351200.91
Tracy Young,31,?⑥꽦,douglasjose@example.com,2024-05-22,31,1344591.88
Dawn Douglas,48,?⑥꽦,samantha97@example.org,2022-12-09,30,4655542.6
Brittney Francis,26,?⑥꽦,kimberly77@example.com,2022-06-13,18,4925390.65
John Wallace,27,?ъ꽦,scottpeterson@example.org,2020-01-11,35,2496603.7
Erin Bautista,39,?ъ꽦,christinakerr@example.org,2023-09-22,2,2829272.18
Katrina Roman,18,?⑥꽦,pedrobarr@example.net,2023-10-25,41,967366.94
Sean Lopez,43,?⑥꽦,allisontaylor@example.org,2022-09-25,20,4976088.21
Andre Williams,18,?ъ꽦,lsmith@example.net,2020-09-18,27,2577188.33
Mitchell Turner,37,?⑥꽦,sara11@example.com,2020-05-31,19,1903021.58
Chris Mitchell,37,?ъ꽦,abriggs@example.com,2020-03-16,38,4224368.21
Carrie Nguyen,30,?⑥꽦,phouse@example.com,2022-06-20,42,1019659.34
Joel Anderson,18,?ъ꽦,bradleyluna@example.net,2025-01-09,9,3235147.69
Stephen Wood,22,?⑥꽦,mccallbrittany@example.net,2024-03-24,39,2010874.73
Terri Lewis,37,?⑥꽦,matthewgardner@example.org,2020-05-25,5,4147055.38
Alex Morris,42,?ъ꽦,cscott@example.org,2023-03-11,22,1754591.65
Kelly Mueller,39,?⑥꽦,smithluis@example.net,2020-03-29,32,1407514.36
Sabrina Vargas,31,?⑥꽦,rachelwalters@example.net,2020-05-13,1,1505587.12
Tracy Hanson,57,?ъ꽦,hannah22@example.com,2025-03-12,49,4584896.54
Cynthia York,65,?ъ꽦,anthony73@example.net,2024-08-11,38,1522061.7
Susan Francis,43,?ъ꽦,padillasherry@example.org,2023-07-01,23,4412026.44
Bryan Woods,25,?ъ꽦,jacksondustin@example.org,2020-09-30,9,245809.71
Brenda Walker,19,?ъ꽦,ecarpenter@example.org,2024-11-05,19,2042976.03
Joe Dawson,38,?⑥꽦,guzmansamantha@example.net,2024-03-05,19,3560649.48
Paul Stein,51,?⑥꽦,leedonna@example.com,2022-06-14,12,2747464.82
Kathy Stevenson,32,?⑥꽦,tiffany96@example.org,2024-06-11,24,4324129.25
Jason Robinson,48,?⑥꽦,jeffreypatton@example.com,2020-04-07,24,3905298.82
Mark Willis,27,?ъ꽦,jamessandoval@example.org,2023-02-02,7,4529967.05
Sabrina Cervantes,30,?⑥꽦,hgallegos@example.org,2024-05-03,44,708886.11
Eric Perkins,21,?⑥꽦,daviskyle@example.org,2020-09-11,12,300379.35
Gabriel Arnold,55,?⑥꽦,michaelperez@example.org,2021-01-19,36,4828744.68
Joseph Roberts,39,?⑥꽦,calvin88@example.net,2023-11-30,23,1242566.87
Matthew Johnston,35,?⑥꽦,raymondtina@example.com,2020-09-27,11,284825.22
William Barton,51,?⑥꽦,ruthhanna@example.net,2022-09-23,37,3175074.67
Pamela Williams,18,?ъ꽦,kimberly26@example.net,2024-10-10,38,1602510.81
Destiny Johnson,49,?ъ꽦,sgraham@example.com,2021-11-21,44,4393977.97
Natalie Mendez,64,?ъ꽦,tdelacruz@example.org,2021-07-17,35,1332033.24
Jessica Myers,47,?⑥꽦,webbheather@example.com,2024-08-14,25,1401820.83
Stephanie Hayes,44,?ъ꽦,rhondadyer@example.com,2022-04-28,7,1567927.43
Brandy Cruz,64,?ъ꽦,jeffrey19@example.org,2021-02-09,39,1292309.97
Samantha Smith,65,?⑥꽦,pheath@example.com,2020-05-07,32,1050850.73
Anna Brown,40,?⑥꽦,wilsonjoseph@example.net,2024-05-13,6,2864862.17
William Nelson,20,?ъ꽦,mark10@example.org,2025-02-17,34,2104095.42
Ivan Kane,61,?⑥꽦,tsmith@example.org,2024-03-14,40,4054310.45
Mrs. Angela Bauer,49,?ъ꽦,richardescobar@example.net,2023-02-06,43,2085892.21
Catherine Martin,58,?ъ꽦,joshua37@example.net,2025-03-17,42,662970.91
Ryan Cook,25,?⑥꽦,christopherriley@example.com,2023-10-17,45,2724484.45
Paul Calderon,29,?⑥꽦,ortizjodi@example.net,2022-07-21,33,2271769.79
Calvin Lee,48,?⑥꽦,howardpenny@example.net,2023-11-24,36,992704.42
Larry Rodriguez,35,?⑥꽦,deckerjeffrey@example.com,2025-03-11,22,65618.37
Stephanie Hogan,26,?⑥꽦,ruth39@example.net,2022-06-24,42,97744.36
Phillip Jenkins,59,?ъ꽦,williammitchell@example.com,2021-09-22,11,4805641.26
Tanner Jones,63,?ъ꽦,jellis@example.org,2020-11-09,6,4143555.66
Frank Montgomery,44,?⑥꽦,stewartscott@example.org,2021-11-29,21,2287176.41
Amber Patterson,49,?ъ꽦,shawnhughes@example.net,2024-03-30,50,4755765.59
Cassandra Schneider,52,?⑥꽦,johnstuart@example.org,2023-05-31,6,453779.93
Matthew Elliott,36,?⑥꽦,allisonkelly@example.net,2023-11-07,33,2114149.27
Rachel Montgomery,31,?⑥꽦,normanjacqueline@example.org,2020-06-10,27,579344.36
Mary Smith,64,?ъ꽦,lawrencecraig@example.org,2024-09-13,7,938761.51
Dr. Donald Jackson PhD,61,?ъ꽦,lucerolisa@example.net,2020-07-27,40,680917.48
David Boyle,49,?ъ꽦,zlove@example.com,2022-07-07,8,2982889.7
Andrew Robinson,20,?ъ꽦,itucker@example.com,2020-12-06,43,3400167.96
Robert Colon,27,?⑥꽦,perkinsbrandi@example.org,2020-05-04,13,343196.69
Elizabeth Solis,36,?⑥꽦,rtorres@example.net,2021-09-13,50,2541267.58
Kerry Jones,45,?ъ꽦,stephaniechandler@example.com,2023-04-05,46,2505918.96
Lindsay Mccormick,43,?⑥꽦,samantha13@example.com,2020-11-06,50,366275.32
Andrew Carr,49,?ъ꽦,james61@example.net,2023-02-19,11,4727582.74
Andrew Murray,38,?ъ꽦,kristen36@example.org,2022-03-13,49,2498204.55
William Edwards,19,?ъ꽦,josephamy@example.com,2025-02-23,13,4858887.22
Kelly Brown,48,?⑥꽦,epace@example.net,2020-08-09,42,807521.05
Melissa Lin,28,?ъ꽦,bridgesbenjamin@example.org,2021-12-10,23,2420881.69
Elizabeth Davis,33,?⑥꽦,erin71@example.net,2020-12-13,28,3942404.79
Peter Bullock,33,?⑥꽦,patricia46@example.net,2025-01-21,20,2357237.44
Elizabeth Thomas,51,?⑥꽦,robert69@example.net,2020-03-27,50,1007693.93
Lindsay Bowen,48,?⑥꽦,nicholas08@example.net,2024-10-20,3,3290821.89
Tara Sanchez,26,?ъ꽦,jenniferchapman@example.com,2021-01-19,27,2198455.34
Jeffrey Jensen,27,?ъ꽦,reedbilly@example.com,2025-01-05,36,904753.54
Jason Gregory,60,?ъ꽦,goldenleslie@example.org,2023-11-25,23,4806600.56
Danielle Kim,40,?⑥꽦,cesargriffith@example.org,2023-07-05,41,2098667.25
Angela Robinson,27,?⑥꽦,williamsmary@example.com,2021-01-09,50,294829.82
William Johnson,27,?⑥꽦,jamesmiller@example.net,2020-11-05,4,2923625.76
Ian Mccarthy,60,?⑥꽦,cohenmichael@example.net,2024-08-26,3,4088723.98
Adrienne Hall,24,?ъ꽦,fgiles@example.org,2021-03-11,28,503867.06
Michelle Mcdonald,41,?ъ꽦,pclark@example.org,2023-09-17,14,3678292.8
Maureen Watson,45,?ъ꽦,sjefferson@example.org,2024-11-28,17,1765218.53
Christina Mckinney,18,?ъ꽦,brendamoore@example.net,2020-07-20,5,3245439.58
Tiffany Brown,47,?ъ꽦,travisstrong@example.net,2022-11-18,8,3298497.91
Troy Scott,48,?⑥꽦,diananewman@example.com,2020-11-12,47,211704.61
Stephanie Stanley,22,?⑥꽦,gbarker@example.com,2020-02-12,29,4089962.58
John Sanders,37,?⑥꽦,danielle42@example.com,2020-04-01,17,3503118.82
Heather Jenkins,60,?⑥꽦,jessicafranklin@example.net,2020-01-07,13,72415.65
Lisa Wilson MD,43,?ъ꽦,josemartinez@example.net,2021-07-13,3,319097.7
Jonathan Jones,52,?ъ꽦,yflores@example.net,2022-08-08,16,1220677.27
Julie Daniel,30,?ъ꽦,agarcia@example.net,2023-02-06,18,2082020.98
Kendra Wheeler,52,?⑥꽦,micheleryan@example.org,2022-02-18,16,586970.96
Kristi David,23,?⑥꽦,milleramber@example.com,2024-11-12,44,3016805.77
Gregory Hughes,36,?ъ꽦,gedwards@example.org,2020-02-07,3,4999666.39
Paul Gilbert,42,?⑥꽦,kimberlymanning@example.org,2024-11-06,2,4718139.71
Taylor Reeves,41,?⑥꽦,jrowe@example.org,2020-05-16,6,2209627.29
Allison Odonnell,44,?ъ꽦,christopher08@example.net,2020-10-26,34,4178514.59
Evan Bell,65,?⑥꽦,ypowers@example.org,2022-01-09,28,3095920.89
Timothy Miller,45,?ъ꽦,marthawelch@example.com,2022-05-13,24,3618359.34
Mia Davis,55,?⑥꽦,brandonbrown@example.org,2023-11-16,46,2348943.71
Douglas Campbell,37,?⑥꽦,john13@example.net,2022-08-12,8,3579204.11
Brian Smith,64,?ъ꽦,catherine96@example.org,2022-11-15,44,2369082.43
Meredith Wright,65,?ъ꽦,tammy11@example.org,2023-08-16,11,4295729.65
Ronald Scott,64,?ъ꽦,christinewright@example.net,2023-05-10,26,2465520.84
James Bowman,58,?⑥꽦,kari66@example.net,2024-06-30,50,2659196.81
Daniel Taylor,27,?⑥꽦,debbiewalker@example.org,2022-09-30,12,316344.03
Ronnie Garcia,43,?ъ꽦,richard11@example.org,2021-06-07,21,3242946.33
Eric Davis,49,?⑥꽦,butlerpatrick@example.org,2023-12-26,32,69715.25
James Ramirez,26,?⑥꽦,mhamilton@example.net,2021-07-24,39,4676509.74
Ronald May,58,?ъ꽦,antoniodunn@example.net,2020-06-20,12,4438079.43
Monique Bell,42,?⑥꽦,kimberly33@example.net,2020-06-24,16,4526434.55
Mr. Henry Wilson,38,?ъ꽦,ibradford@example.net,2022-02-05,10,4812071.57
Christopher Rodriguez,28,?⑥꽦,sprice@example.net,2021-01-03,15,4356303.12
Savannah Blanchard,36,?⑥꽦,tperez@example.org,2024-01-03,16,2214614.78
Lisa Rogers,60,?⑥꽦,barbara31@example.net,2021-09-17,38,3525134.73
Christian Yu,42,?⑥꽦,downsdominic@example.org,2021-09-15,10,3278253.85
David Delacruz,35,?⑥꽦,anthony48@example.com,2024-12-25,14,3552732.23
Brenda Morrison,57,?ъ꽦,hannahharmon@example.net,2020-12-25,22,1338883.86
John Melendez,50,?ъ꽦,rachel23@example.org,2022-01-26,19,4825365.37
Javier Lewis,40,?ъ꽦,orrharry@example.com,2024-05-25,18,4831905.8
Harry Mathews,48,?⑥꽦,thomaslee@example.com,2021-10-12,31,3729632.67
Carl Steele,23,?ъ꽦,lindsay97@example.net,2023-04-05,42,1172438.11
Teresa Woodard,53,?⑥꽦,abradshaw@example.org,2021-03-26,9,2949082.8
Diane Chang,52,?⑥꽦,ipatterson@example.net,2020-07-23,40,1136901.49
Patrick Horton,47,?ъ꽦,egarrison@example.com,2021-08-03,33,349273.11
Susan Flores,58,?⑥꽦,chavezdaniel@example.net,2024-03-19,38,4408503.35
Ralph Sanchez,36,?ъ꽦,erik45@example.org,2021-05-24,26,3197682.57
Adrian Kelly,23,?⑥꽦,deborahrodgers@example.com,2022-05-10,39,3135317.24
Erin Salas,43,?⑥꽦,kathrynparrish@example.net,2021-05-05,15,3654504.27
Charles Kent,28,?ъ꽦,erinsanchez@example.com,2022-09-03,8,376839.43
Alan Johnson,21,?⑥꽦,mark25@example.org,2023-07-12,29,2579333.53
Lisa Ramos,38,?ъ꽦,tknight@example.com,2021-09-26,6,734385.5
Shane King,60,?⑥꽦,sandra91@example.org,2024-10-20,43,3743436.97
William Stewart,41,?⑥꽦,joseph75@example.com,2022-01-20,41,4180040.66
Kristi Guerra,62,?ъ꽦,olane@example.net,2020-12-25,21,1419762.89
Alexander Vaughn,38,?ъ꽦,marywilson@example.net,2020-04-13,4,2999065.27
April Martinez,61,?ъ꽦,traci53@example.net,2024-09-11,23,4667375.3
Michelle Simmons,49,?ъ꽦,daniel11@example.org,2020-07-31,10,4363845.8
Steven Contreras,45,?⑥꽦,jasonnichols@example.com,2023-04-16,45,2934675.75
Michelle Kirby,52,?ъ꽦,mccoymichael@example.net,2023-08-01,40,4315912.76
Jennifer Henderson,52,?ъ꽦,longdarrell@example.org,2024-01-26,24,4794253.7
Melissa Logan,39,?ъ꽦,smithtara@example.net,2022-07-22,14,894933.55
John Fox,46,?⑥꽦,hsmith@example.net,2021-11-24,16,2555859.34
Christopher Phillips,21,?⑥꽦,scottjordan@example.net,2022-07-13,23,3559104.77
Randall Johns,33,?⑥꽦,gouldkayla@example.net,2022-07-06,35,2180820.41
Scott Contreras,28,?⑥꽦,morsegary@example.org,2022-10-17,27,2394338.17
Robert Gray,25,?⑥꽦,ysutton@example.net,2023-02-16,39,3960813.93
April Pittman,56,?⑥꽦,imathews@example.com,2022-01-02,15,312268.19
Renee Boyd,44,?ъ꽦,craigjennings@example.net,2020-08-23,12,195720.3
Denise Koch,38,?⑥꽦,ashley18@example.org,2023-04-23,18,3423319.47
Erin Hernandez,47,?ъ꽦,maryfuller@example.org,2021-02-19,13,3547915.3
Ricky Blanchard,43,?ъ꽦,dsmith@example.net,2020-03-27,39,3408831.01
Betty Wright,49,?⑥꽦,mmiller@example.net,2021-11-18,1,4008528.03
Kevin Tapia,28,?⑥꽦,mmerritt@example.org,2022-08-01,17,2685061.86
Edward Goodman,60,?⑥꽦,josephjennings@example.net,2022-10-16,9,3202854.59
Grace Davis,48,?ъ꽦,craigboone@example.net,2024-02-01,20,65464.13
William Turner,63,?ъ꽦,johnwhite@example.com,2022-12-31,23,1442164.09
Tina Dixon,34,?ъ꽦,collierbrian@example.net,2023-08-02,36,2122919.44
Katelyn Whitehead,52,?⑥꽦,skeller@example.net,2022-08-04,20,3552442.94
Mallory Carroll,41,?⑥꽦,angela69@example.com,2021-04-06,47,2920987.16
Michelle Rivera,23,?⑥꽦,michael06@example.com,2021-04-09,4,4123389.21
Mary Mendoza,45,?ъ꽦,cjohnson@example.net,2022-08-29,1,4230072.81
