이름,나이,성별,이메일,가입일,구매횟수,총 구매금액
Christopher Marsh DDS,41,남성,stephanie78@example.org,2021-10-09,50,2218669.88
Edward Haynes,48,남성,david68@example.org,2021-12-26,34,3878229.05
Dylan Thompson,27,여성,kevin72@example.net,2023-12-23,6,1274186.26
Nathan Khan,47,여성,hallryan@example.net,2022-07-07,13,1920323.93
Nicholas Howard,51,여성,robert66@example.org,2024-03-04,29,284314.44
Jennifer Quinn,32,여성,angelaparker@example.com,2022-04-17,15,3897238.01
Jennifer Peterson,33,여성,suttonjordan@example.com,2025-02-11,47,1471408.32
Juan Smith,18,여성,robertmarshall@example.net,2024-08-02,43,4599085.9
Ryan Martinez,24,여성,jessesimmons@example.com,2022-02-18,11,1731766.8
Sarah Jacobson,55,남성,erika25@example.org,2024-03-10,24,4011745.93
Adam Walton,18,남성,stephanie21@example.net,2023-01-31,22,2573817.38
Donald Patton,56,남성,stephanie64@example.org,2020-06-25,18,1121757.91
Jonathan Fox,54,남성,snyderjoseph@example.org,2024-12-02,3,1491999.26
Jonathan Parker,55,여성,fergusonlaura@example.net,2023-10-10,11,240958.05
Stacy Kline,52,여성,ruth37@example.net,2022-07-20,44,1329899.67
Alexandria Pruitt,24,남성,christopher78@example.net,2021-05-12,9,1297232.85
Kathryn Wallace,65,남성,thomasthornton@example.com,2021-11-07,41,2887592.7
Savannah Welch,65,여성,cjohnson@example.com,2020-12-10,45,4082282.71
Alejandro Smith,29,남성,cochrantoni@example.net,2023-02-11,15,1018596.86
Mary Stephens,47,여성,acox@example.org,2020-07-15,30,929095.58
Rebecca Hunt,61,여성,ymyers@example.org,2021-04-12,8,4283677.93
Brandi Garcia,57,남성,srangel@example.com,2022-12-05,37,2289881.06
Tom Martinez,46,여성,colemanheather@example.com,2024-02-29,23,2105510.05
Rachel Reed,32,여성,hamiltonmichael@example.net,2024-02-18,40,1514988.27
Thomas Diaz,27,여성,robertperez@example.net,2024-11-26,12,4681151.26
Bernard Santiago,37,남성,christophercole@example.net,2023-04-01,26,3574611.45
Heidi Barrett,20,남성,martinsteven@example.net,2024-01-19,38,1453028.75
Steven Blake,43,여성,gsmith@example.com,2022-04-29,43,430771.22
Jeffrey Wise,31,여성,gary80@example.net,2021-07-21,47,1395490.69
Albert Jones,40,남성,gbass@example.com,2024-05-12,23,4640799.55
Michelle Collins,25,여성,jimenezmichael@example.com,2024-09-09,50,869147.96
Christopher Brown,42,남성,melissa83@example.net,2024-07-27,12,111897.29
Benjamin Snyder,63,남성,jennifer84@example.com,2024-09-18,4,548433.82
John Lester,47,남성,michelle04@example.com,2024-06-21,11,271670.36
Tina Buchanan,32,남성,daniel64@example.net,2023-09-25,28,624138.71
Andrew Bennett,31,남성,francisco25@example.org,2020-01-05,4,2516288.1
Brandon Blair,23,여성,jacksonkim@example.com,2023-05-30,2,2231590.89
Haley Phillips MD,64,여성,yoderdakota@example.net,2020-09-22,31,818195.67
Brenda Lawrence,29,여성,lewisbrian@example.org,2023-07-04,19,4339592.26
Thomas White,54,남성,madams@example.com,2021-07-25,27,3821263.13
Susan Bauer,31,남성,christinaknight@example.com,2022-05-29,1,4456810.18
Amanda Allen,35,여성,jessica75@example.com,2023-11-28,50,970144.64
Lori Miller,63,여성,petercameron@example.net,2020-07-12,6,2294760.53
Brooke Johnson,36,남성,william53@example.org,2023-07-16,34,2584207.55
David Williams,18,여성,tylerpruitt@example.org,2020-12-26,11,138636.75
Zachary Roberts,39,남성,sswanson@example.net,2020-08-29,2,3356853.66
Michael Moses,54,여성,hopkinsthomas@example.com,2022-11-23,9,2239086.91
Danielle Peterson,37,여성,wbarnes@example.net,2025-02-11,5,581185.09
Larry Wright,20,여성,landerson@example.org,2023-11-23,12,4078534.19
Denise Rivera,64,남성,johnsonangelica@example.com,2020-10-16,32,2558792.49
Timothy Richardson,42,여성,vazquezaaron@example.com,2023-07-27,3,3574315.59
Kristen Rivers,61,여성,ronaldfarmer@example.org,2020-08-01,37,62530.6
Lindsay Horton,30,여성,aperry@example.com,2022-05-11,50,845485.44
Paula Daniels,33,남성,griffinpatricia@example.com,2024-02-13,5,3490135.9
Sara Willis,36,남성,cameronrodriguez@example.com,2024-12-08,32,2606551.73
Autumn Sullivan,34,남성,samuel33@example.com,2024-05-27,50,4676410.25
Julia Watson,52,여성,stevenskevin@example.net,2020-03-05,3,2409410.89
Tonya Downs,45,남성,hurstnathaniel@example.com,2021-03-28,8,4599132.16
Matthew Page,34,여성,obrienjudy@example.net,2022-11-22,30,3188687.13
Kevin Davis,36,남성,ryanblevins@example.com,2024-05-07,35,4942582.79
Lisa Foster,56,남성,bpetersen@example.org,2022-04-23,43,218696.17
Robert Chavez,45,여성,andrew61@example.com,2023-12-14,19,2012682.81
Christian Franklin,45,남성,nichole77@example.net,2020-10-19,49,3000571.65
Erika Johnson,41,남성,jorgedavis@example.org,2021-07-06,46,439082.87
Cynthia Kramer,42,남성,wlambert@example.org,2022-08-08,30,4985525.72
Amy Jones,44,남성,whitneyclark@example.org,2025-01-09,10,3182762.17
Jennifer Lowery,60,여성,barnesalexa@example.org,2022-11-22,39,584923.74
Robert Nixon,56,남성,larsenpatricia@example.com,2023-12-04,20,2043782.81
John Lee,53,여성,xdavies@example.com,2021-09-08,47,1974478.82
David Larson,52,여성,tanyachase@example.org,2021-08-06,16,2586338.69
Rickey Johnson,39,여성,ariaselizabeth@example.org,2022-12-01,11,3293463.74
Jose Taylor,33,여성,vkirk@example.com,2021-03-12,10,1173852.14
Alisha Stephens,47,여성,jriddle@example.net,2023-03-30,27,3556881.41
Amanda Myers,31,여성,terri00@example.com,2023-09-09,20,3457444.79
Jessica Harris,50,여성,cervantesandrew@example.com,2023-04-13,41,4456201.41
Charles Nelson,48,남성,sharonortiz@example.org,2024-04-02,31,3104664.26
Karen Morrow,50,여성,patrick93@example.org,2024-07-11,44,1176350.9
Christopher Barnes,18,남성,joshuajackson@example.net,2020-02-03,44,544295.51
Brandon Mason,37,여성,batesjeremy@example.com,2022-09-28,1,248982.11
Manuel Brooks,35,남성,mmoss@example.net,2023-04-03,2,1642040.25
Jennifer Martinez,64,남성,johnsonjacob@example.net,2020-02-24,14,2219906.06
Andrew Wright,24,남성,dorothy82@example.com,2025-03-19,23,2471032.93
Shawna Griffin,44,여성,arobinson@example.com,2023-06-27,2,869642.14
Patricia Norton,39,여성,sierraduran@example.com,2021-12-22,29,3476040.85
Hailey Huber,31,남성,connieleblanc@example.org,2020-05-15,2,2158887.35
Michael Carpenter,34,남성,tylerhenry@example.net,2022-07-21,21,636008.13
Spencer Roberts,27,남성,usanchez@example.com,2024-09-20,9,4021709.66
Heather Brennan,65,여성,bsmith@example.net,2024-05-16,39,3324923.57
Angel Blake,56,남성,brownbrett@example.org,2022-11-03,44,597164.8
Daniel Lee,25,여성,utaylor@example.net,2024-12-19,17,3095472.63
Miranda Christensen,47,여성,ogreen@example.org,2022-07-06,33,2828259.53
Jason Rice,20,여성,westsharon@example.com,2024-01-27,6,1962649.07
Adam Johnston,46,남성,tracynolan@example.net,2024-12-13,30,420911.65
Michael Howard,37,남성,stricklandmelissa@example.net,2022-08-10,9,4819142.37
Brendan Moore,37,남성,otrevino@example.com,2024-06-04,15,4544578.69
Christina Reyes,36,남성,davidbean@example.net,2022-03-15,33,309724.45
Diane Gutierrez,53,여성,jessica99@example.net,2022-09-26,41,4081189.27
Kristine Liu,52,여성,ptorres@example.org,2022-05-07,20,2531420.91
Paige Richardson,65,남성,morgan59@example.net,2023-09-29,45,300142.81
Mary Fisher,63,남성,glenn20@example.org,2023-06-11,4,2782661.17
Katie Powell,59,여성,bryanrodriguez@example.com,2021-02-26,50,1889583.89
April Flores,29,여성,zcarpenter@example.org,2022-10-09,7,2742585.23
Monica Hoffman,61,여성,muellerkenneth@example.org,2023-01-01,31,974841.94
Joseph Cunningham,22,여성,martineznathan@example.com,2020-11-16,17,1945123.11
Kelsey Boyd,40,남성,randy44@example.org,2022-10-14,29,3737548.73
Larry Green,56,여성,castronathan@example.net,2022-08-14,5,885562.26
Tami Mills,21,여성,robertsonashley@example.org,2023-09-11,19,3727062.8
Carl Davis,38,남성,gregoryreyes@example.org,2021-10-28,50,1365381.73
Jason Jackson,47,여성,brandirice@example.org,2021-10-23,47,2727988.92
Eric Shaw,59,여성,awallace@example.org,2021-02-22,27,584414.67
Gabrielle Nunez,55,남성,tim48@example.net,2024-05-06,45,4434902.92
Adam Mccoy,60,남성,brandylewis@example.org,2020-03-01,32,529829.0
Theresa Hernandez,32,여성,brownchristopher@example.org,2020-10-02,21,2564654.63
Juan Brown,25,여성,loricooley@example.org,2024-10-02,12,3351034.95
Sarah Horton,50,여성,cassandragordon@example.org,2021-12-29,43,3729550.1
Renee Wilson,59,남성,matthewmejia@example.org,2022-04-19,34,3706445.52
Glenn Johnson,53,남성,tiffany03@example.com,2021-12-06,13,2494183.3
Angela Jackson,47,남성,jordanrivas@example.net,2021-10-29,43,609705.56
Danielle Barry,47,남성,washingtonmelissa@example.net,2022-03-17,33,2109883.78
Mark Sloan,49,여성,johnsongeorge@example.org,2021-10-12,2,2927503.05
Keith Wright MD,30,여성,rodriguezwendy@example.org,2020-01-03,31,1379049.91
Emily Kelly,63,남성,ejones@example.net,2023-11-27,16,4807756.44
Bradley Wyatt,47,여성,nelsonjennifer@example.com,2022-10-03,38,2201870.23
Hannah Chandler,24,여성,wardthomas@example.org,2020-10-29,22,2846071.5
Amanda Baker,62,여성,treed@example.com,2021-05-14,36,2123467.73
Robert Mcintyre,38,여성,erica17@example.net,2023-02-04,43,2821461.51
James Dixon,57,여성,johnsoncindy@example.com,2023-01-31,43,271336.64
Vickie Banks,40,남성,xjames@example.net,2022-03-22,8,2764407.7
Shelly Smith,40,남성,melinda10@example.org,2022-11-10,35,3310557.29
Timothy Benson,21,남성,martinezjessica@example.com,2023-01-23,21,265561.74
Brandon Davidson,41,여성,yhoward@example.com,2023-10-12,24,3567236.51
Kimberly Wu,48,여성,heiditorres@example.com,2024-07-10,14,3390070.95
Dale Davidson,25,여성,melanieramos@example.net,2022-04-18,42,3164369.37
Connie Harris,57,여성,marcusmoss@example.org,2021-07-22,1,1096273.12
Michele Palmer,23,여성,paulgoodwin@example.org,2023-02-26,48,1416374.28
Dustin Hart,46,여성,vcoffey@example.net,2024-03-20,37,3898188.9
Vanessa Jackson,34,남성,susan77@example.org,2024-04-10,45,4279957.39
Jeffrey Hartman,45,남성,zgarcia@example.com,2021-05-04,42,1545000.2
James Edwards,53,남성,charlesdana@example.org,2021-07-11,23,1857082.2
Kimberly Gray,19,여성,christinajones@example.org,2022-11-27,4,1332280.92
Dawn Warren,65,여성,castroamanda@example.net,2021-06-02,25,4422260.95
Terry Thompson,51,여성,hodgealexander@example.org,2022-02-27,30,3134371.57
Ian Ingram,26,남성,thomasseth@example.com,2021-04-28,5,2320603.65
Amber Brewer,53,남성,barbaramcmahon@example.net,2020-12-26,18,3811329.1
James Williams,22,여성,munozbilly@example.com,2024-02-02,21,3168076.6
Sean Little,26,여성,hickmanrichard@example.net,2021-12-10,36,1774930.61
Stephanie Johnson,51,여성,samueldawson@example.com,2022-04-22,14,1855666.25
Tracy Ellis,62,여성,sparkskirk@example.net,2024-07-10,6,3323960.81
Ricky Kim,38,남성,rodrigueztara@example.com,2021-05-11,50,3370718.24
Jennifer Martinez,27,여성,gregory46@example.net,2021-06-07,3,3934879.1
Carla Juarez,59,남성,xsmith@example.net,2023-10-06,44,4679628.51
Dawn Cabrera,37,여성,lgraham@example.com,2020-03-29,18,4691131.91
David Williams,51,여성,ecraig@example.net,2021-10-04,16,4390994.59
Cynthia Davenport,65,남성,jonestheresa@example.net,2024-07-05,46,311971.79
Emily Cooper,39,남성,zsaunders@example.com,2025-02-26,50,4008502.54
Dr. Joshua Wilson MD,47,남성,vjones@example.org,2023-06-11,44,682555.42
Brian Rosales,61,여성,delacruzfrances@example.org,2020-03-10,20,3593349.97
Wendy Reyes,26,남성,sherry62@example.com,2022-11-05,26,2556430.42
Lori Snyder,38,남성,arellanobrandon@example.net,2020-11-04,43,2848505.69
Kathleen Craig,53,여성,kristen32@example.net,2020-04-01,14,1352327.67
Sara Smith,31,남성,steven16@example.net,2020-09-25,44,4193699.97
William Hanson,36,여성,juanmendez@example.net,2021-04-17,9,188275.12
Tara Roberts,21,여성,harveykeith@example.net,2023-04-15,11,4080626.53
Jeff Avery,40,남성,teresa54@example.net,2021-07-11,42,886271.76
Brandon Wood,48,남성,alison10@example.net,2023-07-14,9,1700009.58
Adrian Franco,41,여성,marktanner@example.com,2020-01-21,20,1458166.38
Stacy Long,40,여성,ujohnson@example.net,2021-05-24,41,3696012.54
Tracey Wright,26,여성,bdoyle@example.org,2021-08-03,49,2148449.5
Chad Curtis,63,남성,csanders@example.org,2024-12-30,46,3426470.89
Jessica Atkins,40,여성,adrianjones@example.org,2020-12-22,23,153415.57
Angel Wilson,55,여성,tklein@example.com,2021-08-14,2,1801277.95
Curtis Nelson MD,27,여성,paula60@example.net,2020-01-02,1,2476662.42
Hector Reyes,20,여성,websterlisa@example.org,2020-05-08,37,3899745.51
Michelle Franco,20,여성,amberlopez@example.com,2020-07-23,35,1112704.45
Jessica Henderson,30,여성,zjohnson@example.net,2025-02-09,15,2496641.13
Phillip Phillips,40,남성,brogers@example.net,2023-04-04,40,548034.86
Jackie Peterson,60,여성,lindsayhoward@example.org,2020-11-16,15,2866204.45
Emily Duffy,36,여성,juliajohnson@example.com,2021-05-08,39,4142074.55
Donald Rodriguez,60,여성,matthew55@example.org,2023-01-01,36,3012398.21
Linda Cisneros DVM,20,여성,ocarter@example.com,2025-01-11,15,1197904.92
William Haney,37,여성,vargassamuel@example.org,2024-04-06,37,2092206.39
Brittany Mcdaniel,31,남성,michaelcherry@example.com,2021-02-08,6,4131258.87
David Lewis,30,남성,markwilliams@example.com,2020-06-28,20,4352967.52
David Pineda,40,여성,mariahampton@example.com,2020-01-14,41,71190.84
Stephen Odom,47,남성,coreyrocha@example.net,2021-09-26,23,3664932.35
Rebecca Carlson,32,여성,hammondsarah@example.net,2023-06-02,9,4775799.51
Crystal Hughes,21,남성,camachonicole@example.org,2022-07-06,42,562078.18
Jesse Shepard,31,남성,lbeck@example.org,2021-01-01,19,4907627.17
Edward Kelly,41,여성,ublair@example.com,2024-11-30,17,1849057.39
Mr. John Phillips,36,여성,jack59@example.net,2023-11-13,16,1549180.52
Edward Wells,19,여성,ellisaustin@example.com,2022-07-25,24,4087621.39
Makayla Lopez,61,남성,cheryl60@example.net,2020-04-15,15,738168.69
Virginia Wood,47,여성,helen25@example.com,2020-04-25,15,281655.15
Kimberly Romero,44,여성,cwilson@example.com,2024-11-03,42,1818552.45
Stacy Palmer,55,여성,jeremycosta@example.org,2020-02-17,9,421448.96
Olivia Shaw,61,여성,atucker@example.com,2023-01-04,31,2775315.4
Roberto Bauer,61,남성,rickmason@example.com,2022-09-09,2,3097264.54
Carl Perry,37,여성,rhonda24@example.org,2024-05-29,6,3978191.52
Carl Baker Jr.,50,여성,courtneylopez@example.org,2023-12-07,17,1705763.54
Nicole Morton,34,여성,amcdonald@example.com,2020-10-17,10,1863954.43
Cindy Shepard,48,남성,joshuaespinoza@example.net,2024-07-27,45,4113782.49
Anthony Snyder,23,여성,osmith@example.net,2024-05-19,24,3147546.52
Christine Dixon,42,남성,sandra49@example.net,2021-10-12,23,3625353.55
Steve Chavez,58,남성,christinaware@example.org,2023-04-06,26,1608458.09
Michael Smith,65,남성,bettydaniel@example.org,2024-12-07,38,2145368.38
Tammy Cox,33,남성,jessica73@example.org,2024-10-21,1,3355942.22
Brett Hodge,63,남성,melissahall@example.net,2024-11-28,30,3465933.34
Lynn Wright,65,여성,gsmith@example.net,2020-04-12,47,3125250.16
Lynn Duran,61,여성,danielreese@example.com,2024-01-05,37,219879.15
Larry Jennings,56,남성,comptonrebecca@example.com,2021-07-17,6,2638563.91
Helen Donaldson,45,남성,ahamilton@example.com,2024-01-15,37,2046254.42
Brett Scott,35,남성,danielsrebecca@example.com,2021-06-20,25,3161837.89
Wanda Austin,47,남성,qwatson@example.com,2022-11-06,45,3773805.34
Jennifer Rivera,36,여성,derrickburnett@example.com,2022-12-06,46,4644247.72
Michelle Hill,42,남성,sharonwilliams@example.com,2022-03-06,25,3898984.6
Louis Carter,49,여성,rodriguezjeffery@example.com,2022-01-08,26,3033459.2
Travis Williams,29,여성,twatts@example.org,2020-07-12,47,429845.91
Jessica Wilson,47,남성,zhorn@example.com,2022-04-26,3,3288778.54
Tommy Jackson,24,여성,vwilliams@example.net,2022-06-25,38,2771074.86
Alicia Mills,61,여성,trobinson@example.com,2024-04-12,24,4432954.59
Samuel Wilkinson,57,남성,bdavis@example.net,2022-08-02,9,625351.78
James Simmons,19,여성,yramirez@example.net,2024-09-19,48,4264328.68
Teresa Mcdonald,37,남성,holtlisa@example.net,2021-03-07,31,4891321.98
Katherine Murphy,46,남성,ojuarez@example.net,2024-06-26,8,2687510.2
Tyler Hoover,50,여성,monica93@example.org,2020-01-24,39,1159144.11
Joshua Garcia,23,남성,christophermyers@example.net,2022-07-31,3,4647581.49
Patricia Hernandez,47,여성,cheryl18@example.net,2022-01-26,45,3100524.11
Elizabeth Mcknight,41,남성,shermancynthia@example.com,2020-06-13,34,2987409.97
Marie Bradley,34,여성,dawntran@example.org,2020-03-28,29,4358049.14
Emily Barnes,24,여성,masonwilson@example.com,2021-07-22,44,3005765.58
Gina Newton,25,남성,terrycarla@example.com,2024-11-11,21,3539706.92
Crystal Black,46,남성,chorn@example.com,2021-08-03,32,3852498.96
Donald Stephens,57,여성,htaylor@example.com,2023-05-28,34,3100930.79
Joseph Knight,26,여성,kenneth75@example.org,2023-04-06,6,3953747.43
Ryan Stark,38,여성,kimberlygarrison@example.net,2020-03-21,10,988696.16
Daniel Mccarthy,30,여성,martinezjames@example.org,2023-05-15,17,4617953.05
Nicholas Williams,44,여성,norriskathleen@example.com,2024-02-05,14,890091.6
Michael Smith,19,여성,waltersdave@example.org,2021-07-18,11,3881862.96
Angel Lucas,23,남성,hedwards@example.net,2023-07-13,6,748081.0
Benjamin Campbell,65,남성,jamielin@example.com,2024-08-06,3,3821942.51
Brittany Bass,50,여성,tricia00@example.net,2023-02-22,12,3573473.84
David Benson,62,여성,hrichardson@example.com,2022-07-19,29,1207718.69
Sarah Williams,45,남성,jamessmith@example.org,2020-05-07,35,3290947.32
Carl Conley,46,남성,antonio95@example.com,2020-06-13,4,404440.92
Dakota Archer,24,여성,wberry@example.com,2024-11-10,49,2780016.94
Andrew Cooper,29,남성,nriley@example.com,2022-02-04,16,868713.55
Joann Delgado,50,남성,omcdowell@example.com,2022-04-28,36,4166320.57
Isaiah Pierce,26,남성,christopher13@example.org,2025-03-16,21,2448383.77
Linda Jones,28,남성,ashleypittman@example.org,2020-04-08,43,3477381.12
Brooke Bruce,52,남성,ydixon@example.com,2021-06-07,26,1942695.61
Jessica Robinson,45,여성,jennifer31@example.com,2023-10-12,43,2173839.49
Jodi Johnson,65,여성,jacqueline30@example.com,2020-06-23,21,3604145.14
Katherine Woodard,30,여성,bailey69@example.org,2023-04-12,44,3634278.43
Kristy Castillo,41,남성,jackgoodwin@example.net,2022-11-08,43,1646151.42
Erin Lewis,37,여성,nathanieljohnson@example.com,2021-02-18,29,3801226.59
John Jimenez,60,남성,thompsonalicia@example.com,2022-06-14,2,2885951.28
Lawrence Mendoza,44,여성,joannemathis@example.org,2020-03-19,25,2392360.98
Karen Nicholson,58,여성,andrea95@example.net,2024-04-25,42,1396457.03
Heather Peterson,62,남성,clarkbrenda@example.com,2021-11-23,17,1108503.48
Lindsay Cook,40,남성,luis22@example.com,2020-09-29,49,2579573.23
Randall Brown,37,남성,veronica85@example.com,2020-06-20,29,4714075.36
Michael Taylor,44,여성,felicia32@example.com,2021-08-07,35,2683678.17
Robin Reyes,27,남성,nicholas88@example.net,2023-04-26,6,1923237.32
Donna Mahoney DVM,48,남성,amandascott@example.net,2022-03-02,9,1776379.27
James Harris,41,남성,tdavis@example.org,2020-11-18,42,3060972.42
Scott Byrd,57,여성,qbates@example.net,2025-02-20,19,2494511.7
Laura Haynes,41,남성,imadden@example.org,2020-06-29,20,4948513.42
Jenny Ramirez,39,여성,patrick16@example.org,2024-03-07,17,1295227.15
Heather Branch,43,여성,myersdavid@example.org,2022-06-26,34,3747913.51
Pamela Rodgers,56,여성,daniellethompson@example.com,2023-05-02,45,1468806.14
Aaron Bell,65,남성,richard28@example.com,2022-01-08,23,4274558.24
Matthew Johns,34,여성,sextoneric@example.com,2020-08-15,23,4391189.14
Linda Patterson,28,여성,gsnow@example.org,2022-03-09,38,1066612.06
Kimberly Maxwell,58,남성,shannon96@example.org,2023-08-24,2,3776572.79
Amy Hanson,60,여성,allison48@example.net,2024-05-23,13,2431813.66
Jeffrey Garcia,58,여성,roberto11@example.org,2023-10-16,22,4496109.34
Alejandro Watts,28,남성,deckercourtney@example.net,2021-06-23,21,3368991.08
Miss Renee Herman,39,여성,kwoodward@example.net,2022-04-21,33,209046.14
Dr. Kimberly Smith MD,54,남성,fingram@example.com,2023-09-22,33,3967199.23
Dawn Barber,20,남성,johndiaz@example.net,2022-01-22,16,2892626.18
Kevin Hawkins,65,남성,caroline14@example.com,2024-09-04,42,2820340.57
Bradley Burgess,57,여성,devin14@example.net,2022-01-28,34,4052650.23
Katherine Dean,18,남성,dodsoncarrie@example.org,2022-07-24,35,4014317.3
Richard Robertson,52,남성,moorewillie@example.net,2024-02-03,45,4956443.33
Christopher Taylor,56,남성,wturner@example.net,2025-03-12,50,3719945.8
Anthony Sims,45,남성,matthewsjose@example.org,2023-12-19,15,2207266.49
Michael Holmes,31,남성,mcneilcaitlyn@example.com,2020-09-17,40,634137.96
Tracy Peterson,31,남성,hollymiller@example.org,2023-05-22,19,3377306.62
Kristina Fleming,48,남성,brownjon@example.net,2022-02-01,22,4681244.44
Victoria Lawson,35,여성,ruizbrian@example.net,2020-07-21,10,1569094.71
William Carlson,32,여성,wellsjack@example.org,2024-09-03,23,4733203.82
Karen Torres,56,여성,annasimpson@example.org,2023-04-29,41,1668310.24
Jeff Ford,54,여성,hcox@example.org,2021-02-04,8,2406615.52
Donald Chang,49,남성,amiller@example.org,2024-02-07,25,1656859.44
Michael Weaver,22,남성,vegamelissa@example.org,2022-07-26,33,1908209.7
Andrew Cook,64,여성,danielle51@example.net,2022-04-23,42,2917774.86
Thomas David,63,여성,michelleoneill@example.org,2021-04-16,41,605945.6
Erin Chapman,30,여성,veronicarodriguez@example.org,2020-11-26,32,4186226.17
Vanessa Campbell,56,여성,devin14@example.com,2023-05-13,4,4797640.73
Amanda Jensen,39,남성,huynhmonique@example.com,2021-12-20,44,426283.72
Laurie Allen,62,여성,perezjames@example.org,2022-05-21,43,3192275.19
Evan Carpenter,36,여성,tiffany51@example.org,2021-09-07,39,1318714.79
Pamela White,21,여성,deborahharrison@example.com,2023-09-02,10,3751691.51
Amanda Chan,49,여성,perrybarbara@example.org,2021-09-18,4,3614041.52
Laura Riley,41,여성,cooktiffany@example.net,2021-04-11,45,4354439.53
Cynthia Gomez,62,남성,blakekenneth@example.com,2022-12-12,49,4442805.15
Margaret Mcdowell,38,여성,abeard@example.org,2020-04-10,9,4114012.76
Jeffery Morgan DDS,65,여성,estevens@example.org,2022-06-12,23,4667720.18
Jeffrey Wade,59,남성,davidcampos@example.com,2021-02-20,5,2327903.14
Ellen Holmes,45,여성,beth42@example.org,2024-11-27,7,3610470.73
Elizabeth Lee,31,여성,kathrynray@example.org,2024-01-26,43,1534970.77
Eric Lynch,34,여성,christopherramirez@example.org,2024-11-06,39,141865.4
Kathleen Ingram,47,남성,victoriahicks@example.org,2021-10-29,32,910103.28
Randy Clements,61,남성,loriwilson@example.org,2023-12-05,21,1466546.96
Sherry Rodriguez,57,여성,erik53@example.com,2020-07-30,16,1373968.95
Luis Mendez,36,여성,sandra28@example.com,2021-11-06,40,467752.55
Lori Wells,44,남성,christinetaylor@example.net,2020-08-06,12,675729.08
Vanessa Sawyer,46,여성,robert38@example.com,2024-11-03,26,272665.57
Timothy Griffin,24,여성,mccormickmary@example.com,2022-10-07,38,3205570.49
Tiffany Gilbert DDS,65,남성,williamlambert@example.net,2021-11-07,36,4788809.34
Courtney Watkins,45,남성,kayla54@example.com,2023-11-30,4,124910.66
Kathy Ross,39,남성,ediaz@example.net,2022-04-02,32,2864061.59
Carrie Mccarthy,62,남성,mary34@example.org,2020-02-11,23,1131845.5
Emily Maldonado,40,여성,jasonpeterson@example.net,2022-09-10,42,2047250.48
Gabriel Thompson,54,여성,curtiskevin@example.org,2024-10-23,24,4990284.98
Elizabeth Hernandez,43,남성,zrobinson@example.net,2021-05-17,1,3026175.68
Carlos Alvarez,54,여성,ebowers@example.net,2025-03-01,26,4782180.25
Margaret Myers,27,남성,mlee@example.net,2023-08-21,31,1294576.13
Zachary Lewis,37,남성,danahernandez@example.com,2024-06-07,50,3468273.64
Benjamin Hernandez,50,여성,andrew91@example.org,2024-10-15,37,2067155.83
Sergio Harris,46,남성,nicolas44@example.com,2023-12-18,47,2361512.98
Deborah Downs,32,여성,warenicholas@example.net,2024-08-31,47,4429152.98
Warren Rose,37,남성,nancystephens@example.com,2024-10-27,22,2225869.45
Janet Case,52,남성,marcuscampbell@example.org,2023-04-28,10,2963898.59
Brian Lewis,24,남성,prattemily@example.net,2023-09-04,23,4095889.12
Melinda Anderson,22,남성,megan40@example.net,2024-06-03,30,2863556.7
Rebecca Garcia,48,여성,shannonreed@example.org,2020-09-10,20,3568877.07
Jennifer Randall MD,39,여성,uspears@example.net,2023-08-22,37,3216554.69
Jennifer Garcia,42,남성,vfields@example.com,2024-12-13,42,1180883.87
Christian Ochoa,35,남성,probinson@example.org,2024-07-09,21,1498499.33
Joseph Barton,53,남성,ucampbell@example.com,2023-07-24,10,4936720.06
Jennifer Peters,45,남성,schneidersusan@example.org,2020-08-04,21,2227284.21
Hunter Aguilar,34,여성,allisongilbert@example.com,2023-03-29,2,891174.51
Chelsea Rojas,23,여성,aprilmadden@example.org,2023-01-15,36,4629205.09
Jessica White,43,여성,laurenmclaughlin@example.com,2024-02-14,14,2938558.02
Amanda Love,45,남성,jonesnathaniel@example.com,2023-03-05,29,1972854.63
Caleb Bates,24,남성,suttonmark@example.org,2021-10-22,26,2311899.17
Jacqueline Ellison,65,여성,dianasingh@example.net,2023-11-13,5,2041612.47
Stephen Evans,58,남성,jeffrey63@example.com,2023-09-20,39,3094675.11
Bruce Robinson,51,여성,lisahorn@example.org,2020-06-25,43,3741986.86
Rachel Miller,62,여성,wmason@example.net,2022-09-08,12,1003228.33
Loretta Ochoa,21,여성,desiree29@example.com,2023-12-25,40,1422874.79
Amber Miller,28,여성,jennifer44@example.org,2025-03-06,44,3024108.19
Sean Gutierrez,31,여성,melissareid@example.com,2022-05-21,25,1639666.38
Heather Thompson,65,여성,mcdonaldroy@example.org,2022-03-31,9,757236.21
Robin Boyer,36,여성,davidjordan@example.org,2020-12-24,21,172874.22
Barbara Collins,38,여성,haleyking@example.org,2024-01-23,12,2921249.12
Joshua Harper,51,남성,markrobinson@example.net,2021-10-19,26,3280692.67
Bradley Rodriguez,48,남성,jennifer28@example.com,2022-11-17,32,2655695.59
Mark Henson,55,남성,marywhite@example.net,2021-11-19,11,3102765.13
Sabrina Williams,33,남성,billy70@example.net,2023-11-21,4,919641.59
Christina West,54,남성,gcampos@example.com,2024-08-01,19,3390681.32
Joshua Johnson,58,남성,daniel71@example.org,2023-10-24,28,1496120.89
Joe Miller,42,남성,michael17@example.org,2020-09-01,25,4355802.65
Ashley Gonzalez,52,여성,valerie74@example.net,2020-04-24,15,3376327.13
Rebecca Lucas,49,남성,acollins@example.org,2022-05-24,6,4628843.16
Elizabeth Harris,19,남성,john47@example.com,2024-08-30,6,1221976.83
William Brown,22,남성,hgoodwin@example.com,2022-03-03,39,4334788.79
Jennifer Salazar,60,남성,lisashelton@example.org,2020-12-16,45,2901480.74
Michael Johnson,29,남성,sanchezamy@example.com,2020-02-23,50,3074674.94
Denise Robinson,61,남성,kathleenanderson@example.net,2022-02-17,10,3854568.4
Andrew Jones,52,남성,usmith@example.net,2022-05-24,27,3162519.09
Kevin Horton,26,남성,vjoseph@example.com,2020-08-30,43,2028023.9
Chelsea Smith,65,남성,madisonruiz@example.net,2023-12-25,25,2780668.16
Renee Odom,64,여성,nicolethornton@example.org,2021-04-10,26,3074969.29
Susan Kline,52,여성,havila@example.org,2024-01-12,10,3569314.45
Allison Lane,56,남성,ningram@example.com,2022-11-28,48,2310831.4
Anne Sullivan,36,남성,smithanthony@example.org,2024-01-28,44,1579854.52
Jorge Young,32,여성,jeffersoncrystal@example.net,2024-03-15,23,2922847.83
Trevor Webster,48,여성,jennifer36@example.com,2024-02-04,35,2829002.4
Christina Charles,61,남성,teresaochoa@example.net,2023-09-05,10,4788985.01
Danny Miller,58,여성,rodriguezcharles@example.com,2025-01-14,45,4876666.71
Scott Morrison,31,여성,qconner@example.org,2022-08-03,37,3659346.34
Tony Carroll,26,남성,brettlowe@example.com,2022-06-24,13,1870697.68
Jacob Colon,18,여성,carol80@example.net,2021-08-15,47,4495668.63
Jeremy Wilson,36,여성,schneiderleah@example.net,2025-01-08,18,1871598.26
Tina Sanchez,62,여성,zyoung@example.org,2023-05-16,2,3756285.31
Clarence Freeman,30,여성,ericbyrd@example.net,2020-02-27,35,2726154.58
Malik Pruitt,28,남성,courtney56@example.com,2024-05-16,22,372156.35
Brandon Andrews,42,여성,xsmith@example.com,2024-10-04,44,3608734.51
Mary Weiss,59,여성,rodriguezjim@example.org,2022-01-03,27,4251696.7
Carol Lloyd,33,여성,wwolfe@example.net,2020-09-16,3,2687547.53
Tammy Simon,30,남성,uburke@example.net,2024-12-19,5,4657255.42
John Strong,33,여성,cfowler@example.com,2022-05-24,25,4635611.96
Karen Fletcher,40,남성,charlesatkins@example.org,2020-02-17,27,1236637.13
Denise Smith,61,여성,armstrongkelly@example.org,2021-05-27,3,1895299.59
Cassandra Parsons,35,여성,nancy51@example.com,2020-07-26,36,1913218.1
Carl Foster,25,남성,thompsonthomas@example.com,2020-01-06,2,3328897.92
Kaitlin Gonzalez,53,남성,efischer@example.org,2024-09-17,36,1567854.07
Brian Phillips,52,여성,ballardbilly@example.net,2022-02-05,3,3374884.86
Bruce Baker,38,남성,apriljohnson@example.net,2024-02-18,32,4405182.96
James Johnson,53,여성,cookerin@example.org,2021-02-21,49,4308629.09
Nicole Martinez,25,여성,emily80@example.org,2022-12-29,35,532407.13
Cynthia Davenport,62,여성,kathynewton@example.net,2020-06-26,27,1676723.1
Patrick Howard,39,여성,andre01@example.org,2021-11-17,24,1404826.0
Debra Davis,56,여성,williamsgregory@example.com,2023-06-08,27,1685289.81
Susan Jones,64,여성,stevensonrhonda@example.net,2021-10-30,18,1474856.1
Michael Baldwin,57,여성,emily79@example.org,2020-07-08,28,507498.71
Jeremy Hall,33,여성,mmartin@example.org,2023-01-08,9,477568.44
Eric Clark,62,남성,alexis23@example.org,2025-02-20,15,591607.26
Stacy Wood,58,남성,dennisclements@example.com,2024-04-20,37,4049388.24
Michelle Olson,20,여성,wjacobs@example.com,2024-07-21,12,590715.01
Daniel Taylor,27,여성,jflores@example.org,2024-02-18,47,1199832.9
David Chen,51,남성,michelleromero@example.com,2021-03-01,25,3597484.8
Miranda Bolton,54,남성,kaylagaines@example.net,2022-12-14,18,2097215.23
Cassandra Rodriguez,47,여성,marcwallace@example.net,2020-04-03,27,1007605.85
Bianca Clark,24,여성,kaylathompson@example.net,2024-04-15,25,2316619.77
Robert Webb,44,남성,matthewcastro@example.net,2022-02-26,10,640565.94
Sharon Mendoza,21,여성,newmanjanet@example.com,2020-03-06,37,4124708.06
Cory Mccormick,45,여성,burnettbrittany@example.com,2022-10-30,13,1103761.5
Catherine Miller,46,여성,charlesali@example.net,2023-01-29,7,4630651.3
Joshua Davis,21,여성,vaughnjohn@example.com,2022-08-22,8,2943857.82
Jeremy Ball,25,여성,eroach@example.net,2021-11-18,3,4053360.59
Miss Cheyenne Smith,55,여성,gwilson@example.net,2020-05-19,22,2172583.05
Sarah Phillips,48,남성,danielsusan@example.com,2022-02-12,7,929150.3
Katrina Scott,48,남성,alex10@example.org,2022-07-11,3,1183056.88
Amy Cook,59,남성,haynesjulie@example.org,2021-09-06,20,4347389.23
Denise Jones,26,남성,woodsjames@example.com,2020-11-21,43,4057771.96
Dylan Vazquez,38,남성,fhaynes@example.com,2021-07-23,37,1396075.02
Emily Taylor,30,남성,vmack@example.org,2023-06-25,39,1109348.23
George Vargas,51,여성,knappelizabeth@example.org,2021-01-25,37,3455513.57
Ann Arnold DVM,21,남성,ronald76@example.com,2021-10-30,41,1302645.4
Ashley Martinez,28,여성,matthewbecker@example.net,2022-09-08,43,3145434.9
Darlene Gutierrez,62,남성,donaldreynolds@example.org,2025-02-02,9,1787861.75
Shelby Roberson,55,여성,murraykristen@example.net,2020-10-30,28,1595424.68
Joshua Caldwell,50,남성,brownvalerie@example.org,2022-06-17,9,1787632.1
Sherry Navarro,34,여성,randy45@example.net,2022-02-20,27,2160010.23
Aaron Ingram,50,남성,brandi36@example.org,2024-11-17,23,2359050.39
Vincent Guerrero,63,남성,marksalazar@example.com,2021-12-22,40,2579142.82
Charles Cross,29,남성,jerrymiller@example.org,2020-08-14,6,939562.61
Ann Kramer,42,여성,bellamber@example.net,2023-07-18,45,2452623.19
William Gray,65,남성,lauriewright@example.com,2021-04-07,5,1402368.29
Jamie Maldonado,65,남성,rolson@example.org,2020-04-29,24,635476.56
Christopher Little,32,여성,bcarter@example.com,2024-07-30,21,2393570.75
Lisa Ortiz,51,남성,guerreromichael@example.net,2021-04-02,33,2572879.87
Bethany Russell,27,남성,ryanmiller@example.com,2020-08-06,1,2733804.29
Erica Meadows,41,남성,tmaxwell@example.org,2025-01-23,15,1083937.49
Natasha Mendez,44,남성,jared68@example.net,2025-02-23,40,4059038.29
Tina Lozano,27,남성,john07@example.org,2023-10-14,22,3766745.89
Sara Ali,30,여성,josephcollins@example.net,2025-01-07,18,4010728.11
Mary White,53,여성,bradleyware@example.com,2024-03-10,47,4650849.89
Cody Collins,53,남성,matthew77@example.org,2022-04-29,6,4288888.91
Gregory Neal,24,여성,perezsara@example.net,2022-05-01,35,3821653.44
Tonya Morales,19,남성,ryansaunders@example.com,2021-03-21,31,65263.62
Angela Welch,31,남성,sgarcia@example.com,2020-05-26,41,305636.44
Zachary Young,61,여성,brianwright@example.com,2021-09-18,22,2325657.59
Anna Pratt,21,여성,garciasusan@example.com,2023-01-06,1,3454924.35
Brian Garrison,19,남성,robertsheppard@example.net,2020-01-14,21,1446739.92
Jennifer Thompson,18,여성,pamelajohnson@example.com,2023-01-13,37,3586131.6
Thomas Callahan,32,남성,hmalone@example.org,2021-08-03,30,331879.28
Dr. Michelle Alvarez,42,여성,thomas34@example.net,2024-05-03,46,4801546.62
Christina Bryant,24,남성,charles79@example.net,2020-11-29,28,3738049.04
Nicole Vang,35,여성,hrobbins@example.net,2023-09-17,26,3423155.23
Marvin Stout,49,여성,christina29@example.net,2024-10-30,7,4000549.21
Joshua Williams,44,남성,ryan27@example.org,2023-06-19,27,2121158.28
Christopher Lopez,22,여성,cherylvaughan@example.com,2024-10-05,4,3951942.52
Mr. Douglas Wright DDS,22,남성,rebecca55@example.com,2021-12-17,42,2381312.98
John Holt,53,남성,obrown@example.org,2020-08-20,27,4135234.17
Wayne Mathis,30,여성,perezkelly@example.net,2020-10-24,24,4445488.68
Mark Robinson,36,남성,morgancourtney@example.net,2020-05-04,32,3008182.86
Mary Lewis,39,여성,ericmartinez@example.com,2022-06-19,11,2014364.03
Joan Weaver,26,남성,stevenedwards@example.org,2024-10-28,8,2774134.75
Madison Roberts,30,여성,timothysmith@example.net,2024-04-24,20,2430220.19
Jessica Anderson,23,남성,haroldnelson@example.org,2022-09-08,15,3560762.91
Stephen Lee,61,여성,smithmeagan@example.org,2022-05-22,50,2329220.58
Kristen Peterson,43,여성,edward58@example.net,2022-08-20,16,1840442.82
Sheila Mason,61,남성,dcampbell@example.org,2023-07-20,6,1334321.25
John Robinson,22,남성,katherine57@example.org,2023-06-03,11,3030561.41
Kenneth Green,18,여성,allenjason@example.net,2020-11-09,42,3668072.5
Mr. Michael Taylor,44,여성,jaredrobinson@example.org,2020-01-23,35,4703619.73
Andrew Hayes,31,여성,beverly78@example.net,2023-03-30,18,2070751.75
Erin Kelley,65,여성,janehowell@example.com,2023-07-05,38,1665847.77
Jeffery Walker,57,여성,msanford@example.com,2021-11-14,34,4853108.24
Catherine Lee,64,여성,jillbryan@example.com,2024-04-12,2,4797620.83
Denise Conley,62,남성,williamashley@example.net,2021-09-20,29,4263173.07
Teresa Jimenez,53,남성,timothy11@example.com,2024-10-20,16,4457150.19
Nicole Clark,52,남성,andrewjohnson@example.com,2021-04-23,45,403549.57
Justin Nunez,33,남성,garciatimothy@example.net,2024-01-10,22,492296.24
John Cameron,55,여성,nathaniel88@example.org,2022-08-27,2,3277534.58
Amy Bishop,48,여성,tamarawilliams@example.org,2024-12-19,3,4511438.08
Danny Washington,55,남성,andersonronnie@example.net,2020-12-26,15,409153.68
David Wells,59,여성,jill48@example.org,2023-10-18,12,1251276.26
Alex Aguilar,37,남성,josephrodgers@example.com,2022-09-26,20,1568425.61
Emma Fisher,39,여성,joseph57@example.org,2023-06-12,37,2503406.27
Patrick Warner,46,여성,nataliewest@example.com,2023-08-26,48,3072995.55
Toni Reyes,34,남성,melissa63@example.com,2020-06-10,8,3359963.33
Christina Reilly,31,여성,tinabrewer@example.net,2023-08-27,9,2859290.51
Ann Schultz,29,남성,kellymarissa@example.net,2020-12-09,4,4240963.45
Timothy Morgan,42,남성,jameshowe@example.org,2022-03-16,16,4315849.59
Lauren Harris,42,남성,michael61@example.org,2022-11-24,28,2582026.83
David Chase,53,남성,jennifer89@example.net,2024-09-30,29,2305261.99
Ashley Gregory,64,여성,linda92@example.com,2022-04-30,23,157565.97
Renee Miller,20,여성,williamsrobert@example.com,2024-01-20,32,3726509.09
Ann Burgess,35,여성,gschwartz@example.org,2023-01-10,20,3050887.2
Joy Hart,21,남성,kimberly02@example.org,2024-02-03,47,1115712.43
Shannon Caldwell,30,여성,rpeterson@example.com,2023-09-11,28,1163024.19
Karen Turner,52,여성,katelynfernandez@example.org,2020-07-12,4,4236440.05
Jeffrey Duncan,59,여성,paul66@example.org,2025-02-14,47,2746256.01
Robert Huber,50,남성,ann87@example.net,2024-08-10,27,4853550.95
Joshua King,42,남성,dlewis@example.org,2023-05-10,49,3094792.28
Michael Martin,57,남성,lwebb@example.com,2020-03-23,29,1513174.54
Allison Bishop,40,여성,dickersonemily@example.net,2020-08-02,48,3930123.93
Heather Wong,47,남성,devin10@example.net,2024-01-29,35,1713379.7
Shawn Ochoa,58,남성,xmoore@example.org,2024-03-15,10,3201250.57
Christopher Singh III,43,남성,theresaskinner@example.com,2023-08-27,9,4850304.77
Preston Bowman,27,여성,poolelaura@example.net,2020-03-04,16,4456933.15
Kimberly Campos,26,여성,kmolina@example.net,2020-12-03,33,4290312.41
Benjamin Saunders,46,남성,ksanchez@example.net,2021-08-11,35,4452469.54
Diane Gregory,47,여성,olsonelizabeth@example.org,2022-02-10,48,1711675.8
Nicole Hughes,46,여성,elizabethodonnell@example.org,2023-06-03,29,2350383.45
Heather Hernandez,59,남성,bakermikayla@example.com,2020-06-15,42,3279692.51
Ashley House,35,여성,johnmoore@example.com,2020-05-08,34,3038767.91
Daniel Armstrong,41,여성,helenwalters@example.org,2022-02-27,44,2522633.1
Sabrina Castaneda,41,여성,frodriguez@example.com,2021-07-13,37,4904814.1
Antonio Downs,19,여성,jjoyce@example.net,2022-09-15,6,2275835.5
Mr. Michael Brown MD,44,여성,robert36@example.org,2021-04-07,29,3536647.28
Philip Barton,55,여성,maryrangel@example.com,2022-07-18,8,2847837.17
Evan Pugh,48,남성,jamesmorris@example.org,2023-03-07,15,2330182.72
Austin Lopez,56,여성,umorrison@example.org,2022-09-21,18,1177844.1
Stephanie Townsend MD,41,남성,joseph70@example.com,2021-09-30,43,1235487.25
Ellen Jacobs,28,남성,michaeldavis@example.net,2020-07-03,17,3741513.13
Michael Atkins,50,여성,hubbardlauren@example.org,2021-05-01,9,3481209.41
Jessica Adams,60,남성,maryblair@example.net,2021-11-22,7,2204675.34
Carl Galvan,58,남성,jonathan29@example.com,2021-01-05,42,2870769.2
Sonya Jimenez,49,여성,marywillis@example.org,2023-08-15,22,2566332.63
Kayla Dickson,62,남성,smithkristin@example.net,2023-06-27,29,2812999.91
Ray Barnett,45,남성,mirandacoffey@example.net,2021-11-28,20,4865574.54
Aimee Clark,62,남성,fdavis@example.net,2023-06-20,41,1354011.82
Mary Galvan,30,남성,villapamela@example.net,2020-11-08,37,1213741.71
Heather Price,20,남성,martinkatelyn@example.com,2020-11-23,36,1959914.0
Melissa Hawkins,29,여성,emoore@example.com,2020-12-05,29,4798219.82
Nicole Mendoza,63,남성,joseph24@example.net,2020-04-18,47,1595900.9
Gregory King,29,여성,uwarner@example.net,2021-08-04,12,2551614.13
Samuel Fox,55,여성,hayskimberly@example.com,2020-09-08,39,2996651.23
Patricia Brooks,53,남성,fgreen@example.org,2024-10-28,17,4113718.77
Sara Fleming,20,여성,hannah29@example.com,2021-10-24,31,1138307.82
Charles Wiggins,46,남성,andrew50@example.com,2023-03-05,27,1391249.27
Shawna Pope,40,여성,vicki57@example.org,2020-12-08,34,1099234.63
Nicholas Gaines,38,남성,deannahumphrey@example.net,2022-09-20,31,2244656.52
Valerie Sanders,24,남성,rpalmer@example.net,2022-09-02,19,3808747.94
Jessica Clark,62,여성,mchavez@example.com,2020-07-01,20,3557097.98
Kristi Todd,43,남성,bernard19@example.org,2024-02-07,30,4590795.77
Desiree Silva,43,남성,kcarter@example.com,2024-10-12,1,4204047.36
Megan Velez,46,남성,mary88@example.com,2024-12-12,36,4296119.71
Heather Young,50,여성,bmorgan@example.net,2021-06-09,49,540979.1
Tamara Russell,59,남성,gregoryclark@example.net,2023-03-17,40,3712721.28
Susan Rich,65,남성,donald55@example.org,2020-02-07,9,3063955.47
Charlene Thomas,52,남성,philip94@example.net,2023-09-24,34,1214546.66
Crystal Nelson,22,여성,xmcmillan@example.org,2022-05-10,39,2231163.95
Katherine Mccoy,38,남성,rachel86@example.org,2021-11-18,39,3910277.56
Nicholas Howard,58,남성,rtaylor@example.net,2020-01-02,38,1652911.76
Mario Petersen,20,여성,jason63@example.com,2020-03-25,17,2280150.3
Angela Edwards,59,여성,katie78@example.net,2020-12-15,21,1290127.47
Catherine Anderson,44,여성,morgan69@example.org,2023-08-25,50,2684483.73
David Williams,34,남성,cheryloconnor@example.com,2020-12-18,17,4396293.79
David Salazar,33,여성,bsmith@example.net,2022-02-28,2,3456273.84
Vanessa Davis,32,남성,monicajones@example.net,2023-04-01,48,3599445.43
Kenneth Leon,35,여성,fhenderson@example.net,2024-07-11,3,4534209.94
Vernon Chavez,38,여성,vchen@example.net,2020-08-01,39,772811.36
Kevin Jacobs,40,남성,charles94@example.org,2021-06-21,44,1381662.24
Audrey Kelly,57,여성,elizabethmahoney@example.net,2023-03-04,23,1580714.39
Kevin Wells,38,남성,thompsonjoshua@example.com,2020-12-06,50,1157434.02
Jill Rowland,64,남성,ashlee16@example.org,2024-10-06,22,3098280.09
James Carroll,35,여성,darrelljimenez@example.org,2022-05-26,36,3733010.97
Peter Rodriguez,55,남성,erica79@example.com,2024-09-07,36,3070439.94
David Robertson,42,여성,feliciaanderson@example.com,2021-02-24,27,4028296.7
Raven Mitchell,64,남성,scott07@example.org,2020-12-25,1,2955495.45
Valerie Nichols DVM,46,여성,burgesslori@example.org,2024-10-12,16,2376719.46
Mrs. Melissa Wright PhD,34,여성,amandamack@example.net,2021-05-05,26,811812.47
Brett Keith,40,남성,william13@example.net,2024-07-17,9,1249606.52
Lisa Mckenzie,58,남성,patricia14@example.net,2020-12-23,7,854749.99
Paula Graham,64,남성,melindasantos@example.net,2020-09-12,8,3794751.34
Melissa Jackson,26,여성,ayersalexandra@example.net,2020-09-07,30,1396779.47
Ryan Peck,36,남성,bethwilson@example.net,2021-11-20,2,3720744.02
Jennifer Russell,29,여성,henrymack@example.net,2021-03-22,17,3766919.62
Tricia Larson,64,남성,heatherweaver@example.net,2020-03-24,29,1817452.94
Laura Johnson,59,여성,traci05@example.org,2022-01-21,3,154126.53
Leslie Martinez,51,여성,cowanchristopher@example.net,2021-11-11,23,2842138.24
Natalie Cabrera,23,여성,oconnortyler@example.com,2025-03-13,19,462257.4
Rhonda James,43,남성,karen05@example.org,2022-09-21,9,988607.35
Diane Norris,30,여성,randolphholly@example.org,2022-09-16,24,2048056.07
Amber Perez,56,남성,bryantandrew@example.net,2023-01-23,9,2239888.91
Karen Haynes,36,남성,judyanderson@example.org,2020-10-17,41,3782974.74
Ronald Johnson,30,여성,jessicabradford@example.com,2025-03-13,2,2687750.59
Evan Lozano,61,여성,stevenleonard@example.org,2023-05-28,38,1720462.99
Renee Smith,19,여성,shannoncrosby@example.net,2021-02-09,21,1536852.6
Jesse Parks,62,남성,vrice@example.org,2025-02-22,22,1340870.63
Andrew Murillo,20,여성,qevans@example.com,2020-09-17,32,1526918.68
William Greene,42,여성,nicolehanson@example.net,2021-06-02,8,2586530.7
Jonathan Harris,19,여성,patriciajames@example.net,2023-06-05,38,150411.58
Marcus Johnson,57,여성,brian69@example.com,2022-02-19,14,4856337.22
Rick Flynn,37,남성,mhorne@example.org,2023-01-09,37,1846038.21
Laura Vazquez,28,여성,hedwards@example.org,2023-06-06,45,4707688.59
Laura Sanders,24,남성,xwright@example.com,2021-10-13,34,2590070.08
Melissa Wilson,40,여성,zharris@example.net,2022-11-09,47,1908994.68
Emily Wu,24,여성,powelldavid@example.net,2021-02-03,18,3276835.93
Natalie Holmes,18,남성,danielgallagher@example.net,2021-04-11,45,821376.15
Carrie Davidson,32,남성,daniel83@example.com,2024-09-13,16,4007417.48
Leslie Wall,64,여성,danielle13@example.net,2021-06-05,36,4467203.19
Terry Poole,41,남성,qhughes@example.org,2024-11-10,35,3795502.4
Cory Cox,45,남성,vmoore@example.net,2023-08-28,9,1749607.48
David Woods,34,여성,denisebraun@example.org,2022-12-24,38,516475.21
Krystal Arnold,35,여성,deborahprice@example.net,2024-04-08,42,3121418.4
William Burton,24,남성,jennifercarter@example.net,2024-01-02,15,1697921.29
Debra Rhodes,22,남성,richard07@example.com,2022-07-06,39,4507626.98
Willie Griffin,61,여성,wgarcia@example.org,2025-01-14,49,790897.76
Amanda Maldonado,30,여성,david20@example.net,2024-03-26,46,4579640.19
Michael Finley,39,남성,ycisneros@example.org,2020-03-24,41,1829655.45
Christine Patterson,23,남성,lesliemelton@example.com,2022-01-20,28,2442234.61
Lindsey Hall,53,남성,jhammond@example.org,2020-08-31,24,111830.8
Darrell Glenn DDS,27,남성,sdickerson@example.org,2023-08-08,6,2299106.09
Tamara Molina,43,여성,igonzalez@example.net,2023-11-09,48,2731352.84
Maureen Perez,34,남성,mariabruce@example.org,2024-01-05,15,1706840.95
Jason Wilson,45,남성,jennifer91@example.net,2020-11-19,36,1509298.69
Joel Hood,52,여성,lauraowens@example.net,2023-02-25,6,978347.76
Shane Simmons,20,남성,jeffreycollins@example.org,2020-02-27,30,1016515.48
Tara Carlson,41,남성,amiller@example.com,2022-10-08,13,2781350.17
Amy Walker,60,여성,scottbenjamin@example.net,2020-05-31,16,2355867.65
Anthony Green,38,남성,duranangela@example.org,2021-05-30,15,3914538.73
Cynthia Murray,36,여성,jessica25@example.net,2023-03-26,15,4249982.27
Mark Taylor,40,여성,ggray@example.net,2020-08-19,44,2963044.81
John Hobbs,36,남성,gregory11@example.com,2020-03-16,32,390006.25
Kimberly Hall,57,여성,tommy32@example.org,2022-09-18,34,1728996.1
Jasmine Wheeler,19,여성,dominique90@example.com,2022-05-11,50,3349378.97
Linda Clayton,45,남성,wadezachary@example.com,2020-11-27,16,1818246.44
Bruce Allen,50,남성,pattersonwilliam@example.com,2023-05-09,35,1983009.22
Margaret Turner,19,여성,barneswillie@example.com,2020-01-17,49,2081730.38
Stephanie Malone,22,남성,christian97@example.net,2024-03-30,18,699912.34
William Cunningham,20,여성,danielguerra@example.org,2022-01-24,45,2080727.74
Steven Juarez,30,남성,bellamanda@example.org,2023-08-25,34,419118.53
Patrick Harris,42,남성,trobertson@example.org,2022-04-11,19,1557739.56
Michael Turner,34,여성,lcook@example.org,2024-09-02,50,3114015.31
Brenda Weaver,24,여성,eholloway@example.com,2020-03-18,8,3648780.12
James Martin,60,남성,thomasrodriguez@example.net,2024-01-28,34,4308444.31
Robert Shelton,21,여성,adamsmarvin@example.net,2022-06-21,12,1346034.72
Martha Sanders,65,남성,david19@example.org,2022-08-10,31,3268640.14
John Ramirez,54,남성,scottmichael@example.com,2020-03-03,9,3425425.54
Paul Perkins,61,여성,elizabethparker@example.com,2024-08-20,46,3143287.41
Megan Green,45,남성,christy64@example.org,2023-02-08,46,1585207.82
Jennifer Green,49,여성,barrydavis@example.net,2022-04-01,16,1873664.76
Amanda Navarro,24,남성,mterry@example.org,2024-09-20,40,1914418.71
Travis Hudson,53,남성,pierceelizabeth@example.com,2020-06-24,24,1290650.88
Dr. Jennifer Williams,35,남성,xgarza@example.com,2024-01-17,37,3206110.9
Kathy Lamb,36,남성,johnsonjamie@example.com,2020-04-08,21,811319.92
Dr. Angela Barnes DDS,26,여성,ythompson@example.com,2024-02-04,16,1031618.06
Daniel Williams,32,남성,eric77@example.org,2022-01-07,8,3542833.47
Isaac Wise,52,남성,gburns@example.com,2024-05-04,21,255069.05
Tony Garcia,46,남성,delgadoheather@example.org,2023-07-16,45,4450817.16
Eric Torres,37,여성,wilsonjulia@example.org,2021-06-28,40,3755944.93
Terri Anderson,29,남성,boyerfrances@example.com,2023-10-29,14,416999.57
Marilyn Graham,22,여성,cindywilson@example.net,2021-11-25,5,823723.79
Dr. Kim Graham,34,남성,samantha26@example.com,2023-08-17,33,4457467.93
Nicole Massey,18,여성,elizabethoneal@example.net,2023-10-14,44,1251232.76
Karl Austin,58,남성,andrea20@example.org,2023-12-25,42,2197062.51
Michelle Jones,32,여성,theresarobbins@example.org,2020-03-22,4,3113448.97
Matthew Schneider,58,남성,gibbsjoshua@example.org,2022-02-18,12,2496646.76
David Wood,47,여성,jordan15@example.com,2024-09-18,41,3204590.17
Emily Mendez,63,남성,nicole43@example.org,2024-07-20,9,4542685.58
Alan Rogers,51,여성,tbrown@example.com,2025-01-12,1,2373806.84
Martin Jones,29,남성,swilliams@example.com,2021-10-17,16,3708930.77
Kelsey Lee,25,남성,timothy92@example.net,2023-11-26,15,3295930.01
Thomas Kaiser Jr.,65,여성,perkinsanthony@example.net,2022-03-08,18,63551.9
Chelsea Gallegos,56,여성,mcconnellhaley@example.com,2021-12-06,15,632318.99
William Dixon,52,여성,taylor23@example.com,2023-01-09,23,3442954.37
Robert Arroyo,24,여성,laura26@example.net,2021-03-24,49,3635594.04
Joseph Anderson,53,남성,albert77@example.net,2021-04-12,8,2929588.38
Shannon Horton,55,여성,barnesjeff@example.org,2022-06-03,9,3209733.25
Brian Jackson,55,남성,nelsonaaron@example.org,2022-08-16,2,510377.96
Janet Thomas DDS,23,여성,alexandersmith@example.net,2020-05-16,29,2177399.23
Jordan Castillo,48,남성,maryweber@example.net,2024-03-11,49,4265622.3
Raven Salinas,57,여성,kaufmanmonica@example.org,2021-12-01,22,2459329.36
Amy Howard,29,여성,rose73@example.org,2021-09-07,41,3009372.58
Roger Spence,23,남성,lisaanthony@example.com,2021-03-31,17,3990098.58
Alexandra Gross,60,남성,kenneth91@example.com,2024-08-08,46,1781848.66
Angela Hughes,38,여성,edwardcontreras@example.com,2021-10-16,21,4063343.6
Erik Allen,47,여성,kristine58@example.org,2024-11-19,23,1690985.8
Holly Hancock,54,남성,davidduke@example.net,2020-01-02,22,2034144.93
Jason Yates,31,남성,john17@example.net,2024-04-04,28,1811761.47
Nathan Fowler,47,여성,piercekaitlyn@example.org,2023-08-01,36,4983527.29
Amber Campbell,23,여성,jefferygarcia@example.net,2020-02-27,44,1456124.53
Caitlin Willis,22,남성,hrobbins@example.net,2023-02-11,8,4490501.03
Jessica Smith,49,남성,nsmith@example.com,2020-04-15,3,2208302.52
Christopher Perry,49,남성,susan02@example.org,2023-08-10,21,4112053.36
Troy Chambers,54,남성,scott44@example.org,2021-11-11,14,1921180.93
Katherine Smith,30,여성,cjenkins@example.org,2022-06-02,29,1826696.04
Tyler Burnett,65,여성,shirleymcfarland@example.org,2023-10-09,4,2462036.68
Karen Fernandez,41,남성,johnsonchristine@example.net,2020-07-03,49,2577670.98
Eric Washington,36,여성,deborah75@example.com,2021-08-16,26,2739936.5
Michael Gordon,37,남성,williammorris@example.org,2022-01-02,14,999661.8
Matthew Baker,35,남성,irobinson@example.com,2020-03-21,32,3706988.16
Joseph Gaines,18,여성,waltonjohn@example.com,2022-01-01,18,2030496.26
Joseph Cook,52,여성,april71@example.org,2024-02-01,36,1973336.93
Drew Lane,36,여성,zacharymills@example.com,2024-03-04,6,1899109.66
Connor Davis,34,남성,timothybailey@example.com,2022-12-07,12,2760074.74
Nicholas Johnson,26,남성,hoffmananna@example.com,2020-07-23,37,4792026.93
Carolyn Hines,54,남성,sfranco@example.net,2024-06-01,36,3183070.74
Matthew Lewis,52,남성,billy15@example.net,2020-06-27,16,3496193.12
Michael Johnson,44,남성,simpsonjason@example.net,2021-08-03,34,918232.61
Allen Robbins,39,남성,laura07@example.org,2024-01-01,40,795284.1
David Jones,42,남성,jpowell@example.net,2023-12-24,44,482709.89
James Rose MD,59,여성,ohicks@example.org,2022-11-25,28,3098514.1
Dennis Rich,51,여성,arnoldrobert@example.org,2023-02-05,27,4535281.77
Matthew Rodgers,64,여성,michelleerickson@example.net,2025-03-03,11,4399291.72
Charles Stewart,44,여성,bryan89@example.org,2022-12-06,34,578168.9
William Brandt,49,남성,egilbert@example.com,2022-07-04,18,3826686.74
Ruth Jones PhD,29,남성,shannon08@example.com,2020-04-23,5,2323667.87
Darrell Baker,42,여성,vmartinez@example.org,2021-08-17,5,1347471.37
Jennifer Nguyen,45,여성,lisawatson@example.net,2020-04-17,14,3442849.03
Phillip Spencer,62,여성,taylor51@example.org,2020-09-24,29,3916619.92
Jamie Nelson,22,남성,shannonthomas@example.net,2020-08-08,15,87877.35
Jennifer Griffith,47,남성,ramirezbrittany@example.com,2021-01-06,21,1611520.48
Brandon Harvey,21,여성,sierra29@example.net,2023-12-09,48,2424857.03
Casey Gross,50,여성,rachel68@example.org,2021-11-10,33,356603.0
Steven Hull,18,남성,edwardsmelissa@example.com,2020-05-08,20,1332689.93
Jessica Bowers,44,남성,patrick75@example.net,2024-11-11,32,924160.75
Sarah Clark,18,여성,jasonburch@example.org,2023-10-30,6,2885402.05
Michael Castillo,45,여성,jamespayne@example.org,2021-10-24,34,2155167.69
Samuel Miller,50,남성,joshua68@example.net,2024-02-18,3,3511052.31
Timothy Perez,44,남성,cbrown@example.org,2020-05-19,42,744454.1
Jeffrey Rios,62,남성,newing@example.net,2020-01-04,50,3331588.88
David Griffith,55,여성,susan98@example.com,2025-02-18,18,4137416.72
Misty Odonnell,35,남성,mary08@example.net,2025-01-17,48,472310.65
Miss Christina Mendez,30,여성,cody51@example.net,2024-12-30,29,377938.52
Connie Yoder,50,여성,ryanrobinson@example.com,2023-07-28,13,2301251.5
Jennifer Hale,51,남성,cynthia08@example.org,2020-02-17,29,2191243.72
Jeffrey Hudson,39,여성,millerkrystal@example.org,2020-02-04,47,196067.87
Anne Gray,54,여성,simmonssarah@example.com,2020-09-13,4,3196560.96
Terry Price,56,남성,rhardy@example.org,2025-01-22,9,867991.02
Austin Davis,44,남성,fishernancy@example.net,2021-11-23,44,261631.35
Christine Kent,29,남성,moniquelittle@example.net,2021-08-20,13,688454.67
Michelle Dougherty,48,남성,nstanley@example.com,2022-06-01,45,3210926.27
Cassandra Graham,55,남성,erichards@example.org,2022-08-10,13,4724128.83
Steven Hess,29,남성,christine22@example.com,2024-05-26,7,3033009.67
Shane Hale,52,남성,parksdanielle@example.net,2021-11-05,41,2624876.21
Sherry Sharp,39,여성,xjohnson@example.com,2021-04-15,45,92292.57
Steven Russell,42,남성,joshuanelson@example.org,2020-07-30,46,2882461.23
Amanda Fitzpatrick,53,남성,medinamark@example.com,2024-09-28,23,3985427.71
Daniel Reynolds,41,남성,fordjoseph@example.com,2024-08-02,15,2012970.51
Richard Rodgers,27,여성,raymond05@example.org,2022-03-07,16,1539452.46
Elizabeth Payne,53,남성,mannmichelle@example.net,2020-07-05,47,2170327.37
Larry Thompson,61,여성,sarahthompson@example.net,2023-02-11,8,4411692.96
Amanda Miller,28,여성,fletcherjessica@example.com,2021-01-16,19,388651.4
David Mueller,34,여성,dianafletcher@example.net,2022-09-12,36,2948309.65
Peter Hoffman,26,남성,vnelson@example.net,2021-09-08,38,473747.05
Lauren Manning,40,여성,shelleygrant@example.com,2024-08-10,12,4734406.2
Nancy Black,48,남성,smithjessica@example.org,2022-03-24,27,761506.69
Dr. Alyssa Holland,63,여성,vickie15@example.com,2020-11-27,50,4111068.63
Lori Hunter,63,남성,rayalyssa@example.net,2024-03-21,12,4277611.53
Zachary Johnson,35,여성,xvillanueva@example.com,2020-01-04,22,1854814.05
Christopher Solomon,53,여성,dmiller@example.org,2021-08-09,43,471047.22
Travis Barnett,33,여성,chapmantimothy@example.com,2024-11-19,12,3737753.33
Jill Price,56,남성,coxlaura@example.org,2022-02-14,37,3337378.4
Stephen Perez,63,남성,gonzalezsara@example.com,2023-06-20,13,3395619.56
Julie Wilson,59,남성,jacob37@example.org,2023-09-19,8,4136393.81
Charles Lucero,57,남성,qgoodwin@example.net,2024-12-02,31,4399854.39
Kevin Salinas,45,여성,morrowkenneth@example.net,2024-01-13,10,898519.32
Derrick Ramos,55,여성,wjohnson@example.com,2025-02-12,12,2198105.1
Stephanie Jackson,64,남성,kimberly65@example.net,2023-11-09,11,687044.75
Sherry Bailey,26,남성,jessica74@example.org,2023-06-27,32,4760728.19
Eric Burns,53,남성,bradleytaylor@example.org,2021-03-07,11,670847.4
Victoria Valdez,44,여성,micheal49@example.net,2022-04-12,15,3088159.71
Christopher Fuentes,49,남성,crystalstrickland@example.org,2021-11-07,13,4790918.32
Jeffrey Byrd,60,여성,johnsonnatasha@example.org,2022-02-06,18,3579751.03
Amanda Moran,18,남성,courtney66@example.org,2021-07-18,18,4699196.76
Reginald Miller,20,남성,kathleensharp@example.org,2020-03-09,30,4745794.08
Deborah Mcdaniel,42,남성,anthonychambers@example.org,2022-08-07,40,4314044.68
Charles James,49,여성,connor46@example.com,2023-12-08,30,2471087.72
Evan Richard,42,남성,smendez@example.com,2023-02-26,30,849349.41
Eric Garcia,32,여성,carlamunoz@example.net,2025-01-04,12,698920.45
Casey Mccoy,56,남성,cooperjack@example.net,2020-08-22,47,4722895.25
Jillian Nguyen,29,여성,gabrielrobinson@example.com,2023-09-26,48,1254112.36
Michele Davis,57,여성,chungmatthew@example.org,2025-02-21,30,3402679.7
Jessica Smith,49,남성,jonesmatthew@example.net,2024-04-28,49,2434094.05
Tanya Bowman,50,여성,darnold@example.com,2020-07-16,42,1239763.32
Christine Sawyer,51,남성,ahall@example.com,2020-01-14,7,122927.22
Mrs. Rhonda Price,25,여성,fparsons@example.org,2024-07-09,29,3791289.55
Michael Nunez,61,여성,lhobbs@example.com,2022-08-15,30,2192334.13
Victor Haney,63,여성,gonzalezsarah@example.net,2020-05-01,45,3999174.66
Ricardo Rodriguez,45,여성,sharon64@example.com,2025-02-24,3,1440069.62
Kyle Sanchez,18,여성,julian50@example.net,2025-01-12,23,1419337.11
Stacy Williams,40,남성,moorethomas@example.org,2024-09-16,45,2287213.89
Steven Waters,61,남성,wilcoxjohn@example.net,2025-01-20,42,2707899.75
Derek Evans,48,여성,kimberly08@example.org,2024-07-21,42,3873920.17
Kristine Alexander,38,남성,adam35@example.net,2024-10-27,4,3815026.35
Ryan Cohen,24,여성,riverachad@example.net,2025-01-23,20,442223.22
Cheryl Hanson,56,남성,powersjohn@example.org,2022-08-20,6,2731745.9
Kelly Berry,21,남성,marksmith@example.org,2020-10-18,48,4851077.62
Ms. Brittany Rojas DDS,48,여성,melissaweaver@example.net,2022-10-04,44,4919897.91
Angela Brown,20,여성,pvasquez@example.org,2020-10-30,34,4247008.8
Connie Jackson,27,여성,abrown@example.org,2021-11-05,15,1426356.33
Amy Maldonado,48,여성,stevensrobert@example.org,2021-09-12,40,1913661.22
Richard Patterson,56,남성,williamskatherine@example.net,2023-06-22,2,300748.69
Kristina Ortiz,23,남성,fbrown@example.com,2022-02-14,13,2993191.47
Mary Wilkerson,53,여성,chelseathornton@example.com,2023-05-16,19,1675456.45
Jason Wiggins,58,여성,henryjennifer@example.net,2023-09-04,43,332518.02
Roger Hanson,63,남성,davidsonjared@example.org,2020-03-12,7,714891.88
Kathryn Vega,64,여성,brittany84@example.com,2021-02-27,38,1114756.97
Brandon Mcdonald,63,남성,steven01@example.org,2024-02-29,29,1805570.07
Alfred Esparza,37,남성,apowell@example.org,2020-11-22,23,3201870.7
Christian Robbins,59,여성,ecole@example.org,2021-04-25,31,1477908.48
Zachary Jones,32,여성,michelleburke@example.com,2025-02-27,12,4809266.29
Victoria Jenkins,45,여성,carriesandoval@example.com,2021-10-18,37,3871450.49
Douglas Lambert,41,여성,patrickmorales@example.org,2024-02-17,27,4815761.51
Catherine Perez,30,여성,brookejohnston@example.net,2020-04-26,9,4120191.17
Alexis Tran,62,남성,leon38@example.net,2022-04-27,7,3747578.54
Amy Dixon,61,남성,sbrown@example.com,2023-04-22,1,399258.5
Terry King,21,남성,sblanchard@example.com,2020-03-20,9,2843279.83
Jason Taylor,65,남성,shieldsanna@example.com,2022-09-20,1,4189660.04
Stephanie Morris,56,여성,mgibson@example.org,2021-05-31,19,951084.74
Sean Valdez,63,여성,vparker@example.net,2021-02-19,23,4145749.1
Chelsea Taylor,20,남성,hammondandrew@example.net,2020-03-09,49,2601000.13
Jordan Burns,19,남성,bsmith@example.com,2021-05-14,18,1984168.07
Bonnie Rios,51,여성,gina77@example.org,2020-12-10,38,1605292.12
Joshua Cox,37,여성,lewisjesse@example.net,2020-11-09,31,4118637.82
Rachel Ford,49,남성,danielcarey@example.com,2021-05-13,4,2020400.05
Alicia Chapman,47,여성,aparsons@example.net,2021-05-04,36,219695.27
Kimberly Hughes,50,남성,andrewdavis@example.net,2024-10-21,31,4192872.93
Stephen Weaver,30,여성,watsonrebecca@example.org,2020-09-29,21,3587576.08
Virginia Green,44,남성,julie66@example.org,2022-12-20,14,4409672.89
Patrick Mills,32,남성,erik22@example.com,2023-05-28,23,4757379.1
Grant Coffey,27,여성,hvargas@example.com,2021-06-15,23,1229963.89
Hannah Dominguez,31,여성,bjohnson@example.com,2022-01-04,1,3650444.63
Jesus Miller,29,여성,sean21@example.com,2022-04-18,3,2550148.07
Patricia Odom,52,남성,grahamcynthia@example.com,2024-02-10,43,4389851.49
Micheal Lewis,27,남성,kathryn46@example.com,2023-06-30,41,1403982.01
Amanda Johnson,38,남성,kayla64@example.com,2020-02-05,1,4351200.91
Tracy Young,31,남성,douglasjose@example.com,2024-05-22,31,1344591.88
Dawn Douglas,48,남성,samantha97@example.org,2022-12-09,30,4655542.6
Brittney Francis,26,남성,kimberly77@example.com,2022-06-13,18,4925390.65
John Wallace,27,여성,scottpeterson@example.org,2020-01-11,35,2496603.7
Erin Bautista,39,여성,christinakerr@example.org,2023-09-22,2,2829272.18
Katrina Roman,18,남성,pedrobarr@example.net,2023-10-25,41,967366.94
Sean Lopez,43,남성,allisontaylor@example.org,2022-09-25,20,4976088.21
Andre Williams,18,여성,lsmith@example.net,2020-09-18,27,2577188.33
Mitchell Turner,37,남성,sara11@example.com,2020-05-31,19,1903021.58
Chris Mitchell,37,여성,abriggs@example.com,2020-03-16,38,4224368.21
Carrie Nguyen,30,남성,phouse@example.com,2022-06-20,42,1019659.34
Joel Anderson,18,여성,bradleyluna@example.net,2025-01-09,9,3235147.69
Stephen Wood,22,남성,mccallbrittany@example.net,2024-03-24,39,2010874.73
Terri Lewis,37,남성,matthewgardner@example.org,2020-05-25,5,4147055.38
Alex Morris,42,여성,cscott@example.org,2023-03-11,22,1754591.65
Kelly Mueller,39,남성,smithluis@example.net,2020-03-29,32,1407514.36
Sabrina Vargas,31,남성,rachelwalters@example.net,2020-05-13,1,1505587.12
Tracy Hanson,57,여성,hannah22@example.com,2025-03-12,49,4584896.54
Cynthia York,65,여성,anthony73@example.net,2024-08-11,38,1522061.7
Susan Francis,43,여성,padillasherry@example.org,2023-07-01,23,4412026.44
Bryan Woods,25,여성,jacksondustin@example.org,2020-09-30,9,245809.71
Brenda Walker,19,여성,ecarpenter@example.org,2024-11-05,19,2042976.03
Joe Dawson,38,남성,guzmansamantha@example.net,2024-03-05,19,3560649.48
Paul Stein,51,남성,leedonna@example.com,2022-06-14,12,2747464.82
Kathy Stevenson,32,남성,tiffany96@example.org,2024-06-11,24,4324129.25
Jason Robinson,48,남성,jeffreypatton@example.com,2020-04-07,24,3905298.82
Mark Willis,27,여성,jamessandoval@example.org,2023-02-02,7,4529967.05
Sabrina Cervantes,30,남성,hgallegos@example.org,2024-05-03,44,708886.11
Eric Perkins,21,남성,daviskyle@example.org,2020-09-11,12,300379.35
Gabriel Arnold,55,남성,michaelperez@example.org,2021-01-19,36,4828744.68
Joseph Roberts,39,남성,calvin88@example.net,2023-11-30,23,1242566.87
Matthew Johnston,35,남성,raymondtina@example.com,2020-09-27,11,284825.22
William Barton,51,남성,ruthhanna@example.net,2022-09-23,37,3175074.67
Pamela Williams,18,여성,kimberly26@example.net,2024-10-10,38,1602510.81
Destiny Johnson,49,여성,sgraham@example.com,2021-11-21,44,4393977.97
Natalie Mendez,64,여성,tdelacruz@example.org,2021-07-17,35,1332033.24
Jessica Myers,47,남성,webbheather@example.com,2024-08-14,25,1401820.83
Stephanie Hayes,44,여성,rhondadyer@example.com,2022-04-28,7,1567927.43
Brandy Cruz,64,여성,jeffrey19@example.org,2021-02-09,39,1292309.97
Samantha Smith,65,남성,pheath@example.com,2020-05-07,32,1050850.73
Anna Brown,40,남성,wilsonjoseph@example.net,2024-05-13,6,2864862.17
William Nelson,20,여성,mark10@example.org,2025-02-17,34,2104095.42
Ivan Kane,61,남성,tsmith@example.org,2024-03-14,40,4054310.45
Mrs. Angela Bauer,49,여성,richardescobar@example.net,2023-02-06,43,2085892.21
Catherine Martin,58,여성,joshua37@example.net,2025-03-17,42,662970.91
Ryan Cook,25,남성,christopherriley@example.com,2023-10-17,45,2724484.45
Paul Calderon,29,남성,ortizjodi@example.net,2022-07-21,33,2271769.79
Calvin Lee,48,남성,howardpenny@example.net,2023-11-24,36,992704.42
Larry Rodriguez,35,남성,deckerjeffrey@example.com,2025-03-11,22,65618.37
Stephanie Hogan,26,남성,ruth39@example.net,2022-06-24,42,97744.36
Phillip Jenkins,59,여성,williammitchell@example.com,2021-09-22,11,4805641.26
Tanner Jones,63,여성,jellis@example.org,2020-11-09,6,4143555.66
Frank Montgomery,44,남성,stewartscott@example.org,2021-11-29,21,2287176.41
Amber Patterson,49,여성,shawnhughes@example.net,2024-03-30,50,4755765.59
Cassandra Schneider,52,남성,johnstuart@example.org,2023-05-31,6,453779.93
Matthew Elliott,36,남성,allisonkelly@example.net,2023-11-07,33,2114149.27
Rachel Montgomery,31,남성,normanjacqueline@example.org,2020-06-10,27,579344.36
Mary Smith,64,여성,lawrencecraig@example.org,2024-09-13,7,938761.51
Dr. Donald Jackson PhD,61,여성,lucerolisa@example.net,2020-07-27,40,680917.48
David Boyle,49,여성,zlove@example.com,2022-07-07,8,2982889.7
Andrew Robinson,20,여성,itucker@example.com,2020-12-06,43,3400167.96
Robert Colon,27,남성,perkinsbrandi@example.org,2020-05-04,13,343196.69
Elizabeth Solis,36,남성,rtorres@example.net,2021-09-13,50,2541267.58
Kerry Jones,45,여성,stephaniechandler@example.com,2023-04-05,46,2505918.96
Lindsay Mccormick,43,남성,samantha13@example.com,2020-11-06,50,366275.32
Andrew Carr,49,여성,james61@example.net,2023-02-19,11,4727582.74
Andrew Murray,38,여성,kristen36@example.org,2022-03-13,49,2498204.55
William Edwards,19,여성,josephamy@example.com,2025-02-23,13,4858887.22
Kelly Brown,48,남성,epace@example.net,2020-08-09,42,807521.05
Melissa Lin,28,여성,bridgesbenjamin@example.org,2021-12-10,23,2420881.69
Elizabeth Davis,33,남성,erin71@example.net,2020-12-13,28,3942404.79
Peter Bullock,33,남성,patricia46@example.net,2025-01-21,20,2357237.44
Elizabeth Thomas,51,남성,robert69@example.net,2020-03-27,50,1007693.93
Lindsay Bowen,48,남성,nicholas08@example.net,2024-10-20,3,3290821.89
Tara Sanchez,26,여성,jenniferchapman@example.com,2021-01-19,27,2198455.34
Jeffrey Jensen,27,여성,reedbilly@example.com,2025-01-05,36,904753.54
Jason Gregory,60,여성,goldenleslie@example.org,2023-11-25,23,4806600.56
Danielle Kim,40,남성,cesargriffith@example.org,2023-07-05,41,2098667.25
Angela Robinson,27,남성,williamsmary@example.com,2021-01-09,50,294829.82
William Johnson,27,남성,jamesmiller@example.net,2020-11-05,4,2923625.76
Ian Mccarthy,60,남성,cohenmichael@example.net,2024-08-26,3,4088723.98
Adrienne Hall,24,여성,fgiles@example.org,2021-03-11,28,503867.06
Michelle Mcdonald,41,여성,pclark@example.org,2023-09-17,14,3678292.8
Maureen Watson,45,여성,sjefferson@example.org,2024-11-28,17,1765218.53
Christina Mckinney,18,여성,brendamoore@example.net,2020-07-20,5,3245439.58
Tiffany Brown,47,여성,travisstrong@example.net,2022-11-18,8,3298497.91
Troy Scott,48,남성,diananewman@example.com,2020-11-12,47,211704.61
Stephanie Stanley,22,남성,gbarker@example.com,2020-02-12,29,4089962.58
John Sanders,37,남성,danielle42@example.com,2020-04-01,17,3503118.82
Heather Jenkins,60,남성,jessicafranklin@example.net,2020-01-07,13,72415.65
Lisa Wilson MD,43,여성,josemartinez@example.net,2021-07-13,3,319097.7
Jonathan Jones,52,여성,yflores@example.net,2022-08-08,16,1220677.27
Julie Daniel,30,여성,agarcia@example.net,2023-02-06,18,2082020.98
Kendra Wheeler,52,남성,micheleryan@example.org,2022-02-18,16,586970.96
Kristi David,23,남성,milleramber@example.com,2024-11-12,44,3016805.77
Gregory Hughes,36,여성,gedwards@example.org,2020-02-07,3,4999666.39
Paul Gilbert,42,남성,kimberlymanning@example.org,2024-11-06,2,4718139.71
Taylor Reeves,41,남성,jrowe@example.org,2020-05-16,6,2209627.29
Allison Odonnell,44,여성,christopher08@example.net,2020-10-26,34,4178514.59
Evan Bell,65,남성,ypowers@example.org,2022-01-09,28,3095920.89
Timothy Miller,45,여성,marthawelch@example.com,2022-05-13,24,3618359.34
Mia Davis,55,남성,brandonbrown@example.org,2023-11-16,46,2348943.71
Douglas Campbell,37,남성,john13@example.net,2022-08-12,8,3579204.11
Brian Smith,64,여성,catherine96@example.org,2022-11-15,44,2369082.43
Meredith Wright,65,여성,tammy11@example.org,2023-08-16,11,4295729.65
Ronald Scott,64,여성,christinewright@example.net,2023-05-10,26,2465520.84
James Bowman,58,남성,kari66@example.net,2024-06-30,50,2659196.81
Daniel Taylor,27,남성,debbiewalker@example.org,2022-09-30,12,316344.03
Ronnie Garcia,43,여성,richard11@example.org,2021-06-07,21,3242946.33
Eric Davis,49,남성,butlerpatrick@example.org,2023-12-26,32,69715.25
James Ramirez,26,남성,mhamilton@example.net,2021-07-24,39,4676509.74
Ronald May,58,여성,antoniodunn@example.net,2020-06-20,12,4438079.43
Monique Bell,42,남성,kimberly33@example.net,2020-06-24,16,4526434.55
Mr. Henry Wilson,38,여성,ibradford@example.net,2022-02-05,10,4812071.57
Christopher Rodriguez,28,남성,sprice@example.net,2021-01-03,15,4356303.12
Savannah Blanchard,36,남성,tperez@example.org,2024-01-03,16,2214614.78
Lisa Rogers,60,남성,barbara31@example.net,2021-09-17,38,3525134.73
Christian Yu,42,남성,downsdominic@example.org,2021-09-15,10,3278253.85
David Delacruz,35,남성,anthony48@example.com,2024-12-25,14,3552732.23
Brenda Morrison,57,여성,hannahharmon@example.net,2020-12-25,22,1338883.86
John Melendez,50,여성,rachel23@example.org,2022-01-26,19,4825365.37
Javier Lewis,40,여성,orrharry@example.com,2024-05-25,18,4831905.8
Harry Mathews,48,남성,thomaslee@example.com,2021-10-12,31,3729632.67
Carl Steele,23,여성,lindsay97@example.net,2023-04-05,42,1172438.11
Teresa Woodard,53,남성,abradshaw@example.org,2021-03-26,9,2949082.8
Diane Chang,52,남성,ipatterson@example.net,2020-07-23,40,1136901.49
Patrick Horton,47,여성,egarrison@example.com,2021-08-03,33,349273.11
Susan Flores,58,남성,chavezdaniel@example.net,2024-03-19,38,4408503.35
Ralph Sanchez,36,여성,erik45@example.org,2021-05-24,26,3197682.57
Adrian Kelly,23,남성,deborahrodgers@example.com,2022-05-10,39,3135317.24
Erin Salas,43,남성,kathrynparrish@example.net,2021-05-05,15,3654504.27
Charles Kent,28,여성,erinsanchez@example.com,2022-09-03,8,376839.43
Alan Johnson,21,남성,mark25@example.org,2023-07-12,29,2579333.53
Lisa Ramos,38,여성,tknight@example.com,2021-09-26,6,734385.5
Shane King,60,남성,sandra91@example.org,2024-10-20,43,3743436.97
William Stewart,41,남성,joseph75@example.com,2022-01-20,41,4180040.66
Kristi Guerra,62,여성,olane@example.net,2020-12-25,21,1419762.89
Alexander Vaughn,38,여성,marywilson@example.net,2020-04-13,4,2999065.27
April Martinez,61,여성,traci53@example.net,2024-09-11,23,4667375.3
Michelle Simmons,49,여성,daniel11@example.org,2020-07-31,10,4363845.8
Steven Contreras,45,남성,jasonnichols@example.com,2023-04-16,45,2934675.75
Michelle Kirby,52,여성,mccoymichael@example.net,2023-08-01,40,4315912.76
Jennifer Henderson,52,여성,longdarrell@example.org,2024-01-26,24,4794253.7
Melissa Logan,39,여성,smithtara@example.net,2022-07-22,14,894933.55
John Fox,46,남성,hsmith@example.net,2021-11-24,16,2555859.34
Christopher Phillips,21,남성,scottjordan@example.net,2022-07-13,23,3559104.77
Randall Johns,33,남성,gouldkayla@example.net,2022-07-06,35,2180820.41
Scott Contreras,28,남성,morsegary@example.org,2022-10-17,27,2394338.17
Robert Gray,25,남성,ysutton@example.net,2023-02-16,39,3960813.93
April Pittman,56,남성,imathews@example.com,2022-01-02,15,312268.19
Renee Boyd,44,여성,craigjennings@example.net,2020-08-23,12,195720.3
Denise Koch,38,남성,ashley18@example.org,2023-04-23,18,3423319.47
Erin Hernandez,47,여성,maryfuller@example.org,2021-02-19,13,3547915.3
Ricky Blanchard,43,여성,dsmith@example.net,2020-03-27,39,3408831.01
Betty Wright,49,남성,mmiller@example.net,2021-11-18,1,4008528.03
Kevin Tapia,28,남성,mmerritt@example.org,2022-08-01,17,2685061.86
Edward Goodman,60,남성,josephjennings@example.net,2022-10-16,9,3202854.59
Grace Davis,48,여성,craigboone@example.net,2024-02-01,20,65464.13
William Turner,63,여성,johnwhite@example.com,2022-12-31,23,1442164.09
Tina Dixon,34,여성,collierbrian@example.net,2023-08-02,36,2122919.44
Katelyn Whitehead,52,남성,skeller@example.net,2022-08-04,20,3552442.94
Mallory Carroll,41,남성,angela69@example.com,2021-04-06,47,2920987.16
Michelle Rivera,23,남성,michael06@example.com,2021-04-09,4,4123389.21
Mary Mendoza,45,여성,cjohnson@example.net,2022-08-29,1,4230072.81
